Time(1ps)  *op_tb/clk *_tb/reset *n_request *n_id[5:0] *rack[2:0] *direction *type[1:0] *ency_flag *tamp[7:0] *rack_busy *nal_fault *ignal_red *al_yellow *nal_green *itch_left *tch_right *rain_move *mber[4:0] *ute_valid *oute[4:0] *afe_valid *ute_ready *te_locked *oute[4:0] *oute_safe *_detected *oute[4:0] *_required *condition *b/DUT/clk *DUT/reset *n_request *n_id[5:0] *rack[2:0] *direction *type[1:0] *ency_flag *tamp[7:0] *rack_busy *nal_fault *ignal_red *al_yellow *nal_green *itch_left *tch_right *rain_move *ket[31:0] *est_valid *rror_flag *ket[31:0] *ifo_empty *ad_enable *ket[31:0] *ted_valid *mber[4:0] *form[4:0] *ety_error *te_enable *_departed *m_running *ount[7:0] *_detected *UT/U1/clk */U1/reset *n_request *ount[7:0] *n_id[5:0] *rack[2:0] *direction *type[1:0] *ency_flag *tamp[7:0] *ket[31:0] *est_valid *rror_flag *tate[2:0] *tate[2:0] *_FIFO/clk *IFO/reset *_in[31:0] *est_valid *ad_enable *out[31:0] *fifo_full *ifo_empty *nter[3:0] *nter[3:0] *ount[4:0] *UT/U3/clk */U3/reset *ket[31:0] *ifo_empty *ad_enable *ket[31:0] *ted_valid *tate[1:0] *tate[1:0] *UT/U4/clk */U4/reset *ket[31:0] *ted_valid *mber[4:0] *mber[4:0] *ute_valid *rack[2:0] *ency_flag *tate[2:0] *tate[2:0] *UT/U5/clk */U5/reset *mber[4:0] *mber[4:0] *ute_valid *rack_busy *te_locked *nal_fault *form[4:0] *oute[4:0] *afe_valid *ety_error *UT/U6/clk */U6/reset *te_enable *ignal_red *al_yellow *nal_green *UT/U7/clk */U7/reset *te_enable *mber[4:0] *ute_ready *itch_left *tch_right *UT/U8/clk */U8/reset *ute_ready *_required *te_locked *UT/U9/clk */U9/reset *te_locked *_departed *ove_train *T/U10/clk *U10/reset *_departed *m_running *ount[7:0] *T/U11/clk *U11/reset *e_request *oute[4:0] *oute[4:0] *te_locked *rack_busy *_detected *oute[4:0] *oute_safe *T/U12/clk *U12/reset *e_request *te_locked *oute[4:0] *oute[4:0] *condition *_detected *oute[4:0] *_required
========== ========== ========== ========== ========== ========== ========== ========== ========== ========== ========== ========== ========== ========== ========== ========== ========== ========== ========== ========== ========== ========== ========== ========== ========== ========== ========== ========== ========== ========== ========== ========== ========== ========== ========== ========== ========== ========== ========== ========== ========== ========== ========== ========== ========== ========== ========== ========== ========== ========== ========== ========== ========== ========== ========== ========== ========== ========== ========== ========== ========== ========== ========== ========== ========== ========== ========== ========== ========== ========== ========== ========== ========== ========== ========== ========== ========== ========== ========== ========== ========== ========== ========== ========== ========== ========== ========== ========== ========== ========== ========== ========== ========== ========== ========== ========== ========== ========== ========== ========== ========== ========== ========== ========== ========== ========== ========== ========== ========== ========== ========== ========== ========== ========== ========== ========== ========== ========== ========== ========== ========== ========== ========== ========== ========== ========== ========== ========== ========== ========== ========== ========== ========== ========== ========== ========== ========== ========== ========== ========== ========== ========== ========== ========== ========== ========== ========== ========== ========== ========== ========== ========== ========== ========== ========== ========== ========== ========== ========== ========== ========== ========== ========== ========== ========== ========== ========== ========== ==========
0          0          1          0          000000     000        0          00         0          00000000   0          0          x          x          x          x          x          x          xxxxx      x          xxxxx      x          x          x          xxxxx      x          x          xxxxx      x          x          0          1          0          000000     000        0          00         0          00000000   0          0          x          x          x          x          x          x          *xxxxxxxxx x          x          *xxxxxxxxx x          x          *xxxxxxxxx x          xxxxx      xxxxx      x          x          x          x          xxxxxxxx   x          0          1          0          xxxxxxxx   000000     000        0          00         0          00000000   *xxxxxxxxx x          x          xxx        000        0          1          *xxxxxxxxx x          x          *xxxxxxxxx x          x          xxxx       xxxx       xxxxx      0          1          *xxxxxxxxx x          x          *xxxxxxxxx x          xx         xx         0          1          *xxxxxxxxx x          xxxxx      xxxxx      x          xxx        x          xxx        xxx        0          1          xxxxx      xxxxx      x          0          x          0          xxxxx      xxxxx      x          x          0          1          x          x          x          x          0          1          x          xxxxx      x          x          x          0          1          x          x          x          0          1          x          x          x          0          1          x          x          xxxxxxxx   0          1          x          xxxxx      xxxxx      x          0          x          xxxxx      x          0          1          x          x          xxxxx      xxxxx      x          x          xxxxx      x         
5000       1          1          0          000000     000        0          00         0          00000000   0          0          1          0          0          0          0          0          00000      0          00000      0          0          0          00000      0          0          00000      0          0          1          1          0          000000     000        0          00         0          00000000   0          0          1          0          0          0          0          0          *000000000 0          0          *000000000 1          0          *000000000 0          00000      00000      0          0          0          0          00000000   0          1          1          0          00000000   000000     000        0          00         0          00000000   *000000000 0          0          000        000        1          1          *000000000 0          0          *000000000 0          1          0000       0000       00000      1          1          *000000000 1          0          *000000000 0          00         00         1          1          *000000000 0          00000      00000      0          000        0          000        000        1          1          00000      00000      0          0          0          0          00000      00000      0          0          1          1          0          1          0          0          1          1          0          00000      0          0          0          1          1          0          0          0          1          1          0          0          0          1          1          0          0          00000000   1          1          0          00000      00000      0          0          0          00000      0          1          1          0          0          00000      00000      0          0          00000      0         
10000      0          1          0          000000     000        0          00         0          00000000   0          0          1          0          0          0          0          0          00000      0          00000      0          0          0          00000      0          0          00000      0          0          0          1          0          000000     000        0          00         0          00000000   0          0          1          0          0          0          0          0          *000000000 0          0          *000000000 1          0          *000000000 0          00000      00000      0          0          0          0          00000000   0          0          1          0          00000000   000000     000        0          00         0          00000000   *000000000 0          0          000        000        0          1          *000000000 0          0          *000000000 0          1          0000       0000       00000      0          1          *000000000 1          0          *000000000 0          00         00         0          1          *000000000 0          00000      00000      0          000        0          000        000        0          1          00000      00000      0          0          0          0          00000      00000      0          0          0          1          0          1          0          0          0          1          0          00000      0          0          0          0          1          0          0          0          0          1          0          0          0          0          1          0          0          00000000   0          1          0          00000      00000      0          0          0          00000      0          0          1          0          0          00000      00000      0          0          00000      0         
15000      1          1          0          000000     000        0          00         0          00000000   0          0          1          0          0          0          0          0          00000      0          00000      0          0          0          00000      0          0          00000      0          0          1          1          0          000000     000        0          00         0          00000000   0          0          1          0          0          0          0          0          *000000000 0          0          *000000000 1          0          *000000000 0          00000      00000      0          0          0          0          00000000   0          1          1          0          00000000   000000     000        0          00         0          00000000   *000000000 0          0          000        000        1          1          *000000000 0          0          *000000000 0          1          0000       0000       00000      1          1          *000000000 1          0          *000000000 0          00         00         1          1          *000000000 0          00000      00000      0          000        0          000        000        1          1          00000      00000      0          0          0          0          00000      00000      0          0          1          1          0          1          0          0          1          1          0          00000      0          0          0          1          1          0          0          0          1          1          0          0          0          1          1          0          0          00000000   1          1          0          00000      00000      0          0          0          00000      0          1          1          0          0          00000      00000      0          0          00000      0         
20000      0          0          0          000000     000        0          00         0          00000000   0          0          1          0          0          0          0          0          00000      0          00000      0          0          0          00000      0          0          00000      0          0          0          0          0          000000     000        0          00         0          00000000   0          0          1          0          0          0          0          0          *000000000 0          0          *000000000 1          0          *000000000 0          00000      00000      0          0          0          0          00000000   0          0          0          0          00000000   000000     000        0          00         0          00000000   *000000000 0          0          000        000        0          0          *000000000 0          0          *000000000 0          1          0000       0000       00000      0          0          *000000000 1          0          *000000000 0          00         00         0          0          *000000000 0          00000      00000      0          000        0          000        000        0          0          00000      00000      0          0          0          0          00000      00000      0          0          0          0          0          1          0          0          0          0          0          00000      0          0          0          0          0          0          0          0          0          0          0          0          0          0          0          0          0          00000000   0          0          0          00000      00000      0          0          0          00000      0          0          0          0          0          00000      00000      0          0          00000      0         
25000      1          0          0          000000     000        0          00         0          00000000   0          0          1          0          0          0          0          0          00000      0          00000      0          0          0          00000      0          0          00000      0          0          1          0          0          000000     000        0          00         0          00000000   0          0          1          0          0          0          0          0          *000000000 0          0          *000000000 1          0          *000000000 0          00000      00000      0          0          0          1          00000000   0          1          0          0          00000000   000000     000        0          00         0          00000000   *000000000 0          0          000        000        1          0          *000000000 0          0          *000000000 0          1          0000       0000       00000      1          0          *000000000 1          0          *000000000 0          00         00         1          0          *000000000 0          00000      00000      0          000        0          000        000        1          0          00000      00000      0          0          0          0          00000      00000      0          0          1          0          0          1          0          0          1          0          0          00000      0          0          0          1          0          0          0          0          1          0          0          0          0          1          0          0          1          00000000   1          0          0          00000      00000      0          0          0          00000      0          1          0          0          0          00000      00000      0          0          00000      0         
30000      0          0          0          000000     000        0          00         0          00000000   0          0          1          0          0          0          0          0          00000      0          00000      0          0          0          00000      0          0          00000      0          0          0          0          0          000000     000        0          00         0          00000000   0          0          1          0          0          0          0          0          *000000000 0          0          *000000000 1          0          *000000000 0          00000      00000      0          0          0          1          00000000   0          0          0          0          00000000   000000     000        0          00         0          00000000   *000000000 0          0          000        000        0          0          *000000000 0          0          *000000000 0          1          0000       0000       00000      0          0          *000000000 1          0          *000000000 0          00         00         0          0          *000000000 0          00000      00000      0          000        0          000        000        0          0          00000      00000      0          0          0          0          00000      00000      0          0          0          0          0          1          0          0          0          0          0          00000      0          0          0          0          0          0          0          0          0          0          0          0          0          0          0          0          1          00000000   0          0          0          00000      00000      0          0          0          00000      0          0          0          0          0          00000      00000      0          0          00000      0         
35000      1          0          0          000000     000        0          00         0          00000000   0          0          1          0          0          0          0          0          00000      0          00000      0          0          0          00000      0          0          00000      0          0          1          0          0          000000     000        0          00         0          00000000   0          0          1          0          0          0          0          0          *000000000 0          0          *000000000 1          0          *000000000 0          00000      00000      0          0          0          1          00000000   0          1          0          0          00000000   000000     000        0          00         0          00000000   *000000000 0          0          000        000        1          0          *000000000 0          0          *000000000 0          1          0000       0000       00000      1          0          *000000000 1          0          *000000000 0          00         00         1          0          *000000000 0          00000      00000      0          000        0          000        000        1          0          00000      00000      0          0          0          0          00000      00000      0          0          1          0          0          1          0          0          1          0          0          00000      0          0          0          1          0          0          0          0          1          0          0          0          0          1          0          0          1          00000000   1          0          0          00000      00000      0          0          0          00000      0          1          0          0          0          00000      00000      0          0          00000      0         
40000      0          0          1          000001     001        0          01         0          00010100   0          0          1          0          0          0          0          0          00000      0          00000      0          0          0          00000      0          0          00000      0          0          0          0          1          000001     001        0          01         0          00010100   0          0          1          0          0          0          0          0          *000000000 0          0          *000000000 1          0          *000000000 0          00000      00000      0          0          0          1          00000000   0          0          0          1          00000000   000001     001        0          01         0          00010100   *000000000 0          0          000        001        0          0          *000000000 0          0          *000000000 0          1          0000       0000       00000      0          0          *000000000 1          0          *000000000 0          00         00         0          0          *000000000 0          00000      00000      0          000        0          000        000        0          0          00000      00000      0          0          0          0          00000      00000      0          0          0          0          0          1          0          0          0          0          0          00000      0          0          0          0          0          0          0          0          0          0          0          0          0          0          0          0          1          00000000   0          0          0          00000      00000      0          0          0          00000      0          0          0          0          0          00000      00000      0          0          00000      0         
45000      1          0          1          000001     001        0          01         0          00010100   0          0          1          0          0          0          0          0          00000      0          00000      0          0          0          00000      0          0          00000      0          0          1          0          1          000001     001        0          01         0          00010100   0          0          1          0          0          0          0          0          *000000000 0          0          *000000000 1          0          *000000000 0          00000      00000      0          0          0          1          00000000   0          1          0          1          00000000   000001     001        0          01         0          00010100   *000000000 0          0          001        010        1          0          *000000000 0          0          *000000000 0          1          0000       0000       00000      1          0          *000000000 1          0          *000000000 0          00         00         1          0          *000000000 0          00000      00000      0          000        0          000        000        1          0          00000      00000      0          0          0          0          00000      00000      0          0          1          0          0          1          0          0          1          0          0          00000      0          0          0          1          0          0          0          0          1          0          0          0          0          1          0          0          1          00000000   1          0          0          00000      00000      0          0          0          00000      0          1          0          0          0          00000      00000      0          0          00000      0         
50000      0          0          0          000001     001        0          01         0          00010100   0          0          1          0          0          0          0          0          00000      0          00000      0          0          0          00000      0          0          00000      0          0          0          0          0          000001     001        0          01         0          00010100   0          0          1          0          0          0          0          0          *000000000 0          0          *000000000 1          0          *000000000 0          00000      00000      0          0          0          1          00000000   0          0          0          0          00000000   000001     001        0          01         0          00010100   *000000000 0          0          001        010        0          0          *000000000 0          0          *000000000 0          1          0000       0000       00000      0          0          *000000000 1          0          *000000000 0          00         00         0          0          *000000000 0          00000      00000      0          000        0          000        000        0          0          00000      00000      0          0          0          0          00000      00000      0          0          0          0          0          1          0          0          0          0          0          00000      0          0          0          0          0          0          0          0          0          0          0          0          0          0          0          0          1          00000000   0          0          0          00000      00000      0          0          0          00000      0          0          0          0          0          00000      00000      0          0          00000      0         
55000      1          0          0          000001     001        0          01         0          00010100   0          0          1          0          0          0          0          0          00000      0          00000      0          0          0          00000      0          0          00000      0          0          1          0          0          000001     001        0          01         0          00010100   0          0          1          0          0          0          0          0          *000000000 0          0          *000000000 1          0          *000000000 0          00000      00000      0          0          0          1          00000000   0          1          0          0          00000000   000001     001        0          01         0          00010100   *000000000 0          0          010        011        1          0          *000000000 0          0          *000000000 0          1          0000       0000       00000      1          0          *000000000 1          0          *000000000 0          00         00         1          0          *000000000 0          00000      00000      0          000        0          000        000        1          0          00000      00000      0          0          0          0          00000      00000      0          0          1          0          0          1          0          0          1          0          0          00000      0          0          0          1          0          0          0          0          1          0          0          0          0          1          0          0          1          00000000   1          0          0          00000      00000      0          0          0          00000      0          1          0          0          0          00000      00000      0          0          00000      0         
60000      0          0          0          000001     001        0          01         0          00010100   0          0          1          0          0          0          0          0          00000      0          00000      0          0          0          00000      0          0          00000      0          0          0          0          0          000001     001        0          01         0          00010100   0          0          1          0          0          0          0          0          *000000000 0          0          *000000000 1          0          *000000000 0          00000      00000      0          0          0          1          00000000   0          0          0          0          00000000   000001     001        0          01         0          00010100   *000000000 0          0          010        011        0          0          *000000000 0          0          *000000000 0          1          0000       0000       00000      0          0          *000000000 1          0          *000000000 0          00         00         0          0          *000000000 0          00000      00000      0          000        0          000        000        0          0          00000      00000      0          0          0          0          00000      00000      0          0          0          0          0          1          0          0          0          0          0          00000      0          0          0          0          0          0          0          0          0          0          0          0          0          0          0          0          1          00000000   0          0          0          00000      00000      0          0          0          00000      0          0          0          0          0          00000      00000      0          0          00000      0         
65000      1          0          0          000001     001        0          01         0          00010100   0          0          1          0          0          0          0          0          00000      0          00000      0          0          0          00000      0          0          00000      0          0          1          0          0          000001     001        0          01         0          00010100   0          0          1          0          0          0          0          0          *000000000 0          0          *000000000 1          0          *000000000 0          00000      00000      0          0          0          1          00000000   0          1          0          0          00000000   000001     001        0          01         0          00010100   *000000000 0          0          011        100        1          0          *000000000 0          0          *000000000 0          1          0000       0000       00000      1          0          *000000000 1          0          *000000000 0          00         00         1          0          *000000000 0          00000      00000      0          000        0          000        000        1          0          00000      00000      0          0          0          0          00000      00000      0          0          1          0          0          1          0          0          1          0          0          00000      0          0          0          1          0          0          0          0          1          0          0          0          0          1          0          0          1          00000000   1          0          0          00000      00000      0          0          0          00000      0          1          0          0          0          00000      00000      0          0          00000      0         
70000      0          0          0          000001     001        0          01         0          00010100   0          0          1          0          0          0          0          0          00000      0          00000      0          0          0          00000      0          0          00000      0          0          0          0          0          000001     001        0          01         0          00010100   0          0          1          0          0          0          0          0          *000000000 0          0          *000000000 1          0          *000000000 0          00000      00000      0          0          0          1          00000000   0          0          0          0          00000000   000001     001        0          01         0          00010100   *000000000 0          0          011        100        0          0          *000000000 0          0          *000000000 0          1          0000       0000       00000      0          0          *000000000 1          0          *000000000 0          00         00         0          0          *000000000 0          00000      00000      0          000        0          000        000        0          0          00000      00000      0          0          0          0          00000      00000      0          0          0          0          0          1          0          0          0          0          0          00000      0          0          0          0          0          0          0          0          0          0          0          0          0          0          0          0          1          00000000   0          0          0          00000      00000      0          0          0          00000      0          0          0          0          0          00000      00000      0          0          00000      0         
75000      1          0          0          000001     001        0          01         0          00010100   0          0          1          0          0          0          0          0          00000      0          00000      0          0          0          00000      0          0          00000      0          0          1          0          0          000001     001        0          01         0          00010100   0          0          1          0          0          0          0          0          *000010100 0          0          *000000000 1          0          *000000000 0          00000      00000      0          0          0          1          00000000   0          1          0          0          00000000   000001     001        0          01         0          00010100   *000010100 0          0          100        000        1          0          *000010100 0          0          *000000000 0          1          0000       0000       00000      1          0          *000000000 1          0          *000000000 0          00         00         1          0          *000000000 0          00000      00000      0          000        0          000        000        1          0          00000      00000      0          0          0          0          00000      00000      0          0          1          0          0          1          0          0          1          0          0          00000      0          0          0          1          0          0          0          0          1          0          0          0          0          1          0          0          1          00000000   1          0          0          00000      00000      0          0          0          00000      0          1          0          0          0          00000      00000      0          0          00000      0         
80000      0          0          0          000001     001        0          01         0          00010100   0          0          1          0          0          0          0          0          00000      0          00000      0          0          0          00000      0          0          00000      0          0          0          0          0          000001     001        0          01         0          00010100   0          0          1          0          0          0          0          0          *000010100 0          0          *000000000 1          0          *000000000 0          00000      00000      0          0          0          1          00000000   0          0          0          0          00000000   000001     001        0          01         0          00010100   *000010100 0          0          100        000        0          0          *000010100 0          0          *000000000 0          1          0000       0000       00000      0          0          *000000000 1          0          *000000000 0          00         00         0          0          *000000000 0          00000      00000      0          000        0          000        000        0          0          00000      00000      0          0          0          0          00000      00000      0          0          0          0          0          1          0          0          0          0          0          00000      0          0          0          0          0          0          0          0          0          0          0          0          0          0          0          0          1          00000000   0          0          0          00000      00000      0          0          0          00000      0          0          0          0          0          00000      00000      0          0          00000      0         
85000      1          0          0          000001     001        0          01         0          00010100   0          0          1          0          0          0          0          0          00000      0          00000      0          0          0          00000      0          0          00000      0          0          1          0          0          000001     001        0          01         0          00010100   0          0          1          0          0          0          0          0          *000010100 1          0          *000000000 1          0          *000000000 0          00000      00000      0          0          0          1          00000000   0          1          0          0          00000000   000001     001        0          01         0          00010100   *000010100 1          0          000        000        1          0          *000010100 1          0          *000000000 0          1          0000       0000       00000      1          0          *000000000 1          0          *000000000 0          00         00         1          0          *000000000 0          00000      00000      0          000        0          000        000        1          0          00000      00000      0          0          0          0          00000      00000      0          0          1          0          0          1          0          0          1          0          0          00000      0          0          0          1          0          0          0          0          1          0          0          0          0          1          0          0          1          00000000   1          0          0          00000      00000      0          0          0          00000      0          1          0          0          0          00000      00000      0          0          00000      0         
90000      0          0          0          000001     001        0          01         0          00010100   0          0          1          0          0          0          0          0          00000      0          00000      0          0          0          00000      0          0          00000      0          0          0          0          0          000001     001        0          01         0          00010100   0          0          1          0          0          0          0          0          *000010100 1          0          *000000000 1          0          *000000000 0          00000      00000      0          0          0          1          00000000   0          0          0          0          00000000   000001     001        0          01         0          00010100   *000010100 1          0          000        000        0          0          *000010100 1          0          *000000000 0          1          0000       0000       00000      0          0          *000000000 1          0          *000000000 0          00         00         0          0          *000000000 0          00000      00000      0          000        0          000        000        0          0          00000      00000      0          0          0          0          00000      00000      0          0          0          0          0          1          0          0          0          0          0          00000      0          0          0          0          0          0          0          0          0          0          0          0          0          0          0          0          1          00000000   0          0          0          00000      00000      0          0          0          00000      0          0          0          0          0          00000      00000      0          0          00000      0         
95000      1          0          0          000001     001        0          01         0          00010100   0          0          1          0          0          0          0          0          00000      0          00000      0          0          0          00000      0          0          00000      0          0          1          0          0          000001     001        0          01         0          00010100   0          0          1          0          0          0          0          0          *000010100 0          0          *000000000 0          0          *000000000 0          00000      00000      0          0          0          1          00000000   0          1          0          0          00000000   000001     001        0          01         0          00010100   *000010100 0          0          000        000        1          0          *000010100 0          0          *000000000 0          0          0001       0000       00001      1          0          *000000000 0          0          *000000000 0          00         01         1          0          *000000000 0          00000      00000      0          000        0          000        000        1          0          00000      00000      0          0          0          0          00000      00000      0          0          1          0          0          1          0          0          1          0          0          00000      0          0          0          1          0          0          0          0          1          0          0          0          0          1          0          0          1          00000000   1          0          0          00000      00000      0          0          0          00000      0          1          0          0          0          00000      00000      0          0          00000      0         
100000     0          0          0          000001     001        0          01         0          00010100   0          0          1          0          0          0          0          0          00000      0          00000      0          0          0          00000      0          0          00000      0          0          0          0          0          000001     001        0          01         0          00010100   0          0          1          0          0          0          0          0          *000010100 0          0          *000000000 0          0          *000000000 0          00000      00000      0          0          0          1          00000000   0          0          0          0          00000000   000001     001        0          01         0          00010100   *000010100 0          0          000        000        0          0          *000010100 0          0          *000000000 0          0          0001       0000       00001      0          0          *000000000 0          0          *000000000 0          00         01         0          0          *000000000 0          00000      00000      0          000        0          000        000        0          0          00000      00000      0          0          0          0          00000      00000      0          0          0          0          0          1          0          0          0          0          0          00000      0          0          0          0          0          0          0          0          0          0          0          0          0          0          0          0          1          00000000   0          0          0          00000      00000      0          0          0          00000      0          0          0          0          0          00000      00000      0          0          00000      0         
105000     1          0          0          000001     001        0          01         0          00010100   0          0          1          0          0          0          0          0          00000      0          00000      0          0          0          00000      0          0          00000      0          0          1          0          0          000001     001        0          01         0          00010100   0          0          1          0          0          0          0          0          *000010100 0          0          *000000000 0          1          *000000000 0          00000      00000      0          0          0          1          00000000   0          1          0          0          00000000   000001     001        0          01         0          00010100   *000010100 0          0          000        000        1          0          *000010100 0          1          *000000000 0          0          0001       0000       00001      1          0          *000000000 0          1          *000000000 0          01         00         1          0          *000000000 0          00000      00000      0          000        0          000        000        1          0          00000      00000      0          0          0          0          00000      00000      0          0          1          0          0          1          0          0          1          0          0          00000      0          0          0          1          0          0          0          0          1          0          0          0          0          1          0          0          1          00000000   1          0          0          00000      00000      0          0          0          00000      0          1          0          0          0          00000      00000      0          0          00000      0         
110000     0          0          1          000010     010        1          10         0          00110010   0          0          1          0          0          0          0          0          00000      0          00000      0          0          0          00000      0          0          00000      0          0          0          0          1          000010     010        1          10         0          00110010   0          0          1          0          0          0          0          0          *000010100 0          0          *000000000 0          1          *000000000 0          00000      00000      0          0          0          1          00000000   0          0          0          1          00000000   000010     010        1          10         0          00110010   *000010100 0          0          000        001        0          0          *000010100 0          1          *000000000 0          0          0001       0000       00001      0          0          *000000000 0          1          *000000000 0          01         00         0          0          *000000000 0          00000      00000      0          000        0          000        000        0          0          00000      00000      0          0          0          0          00000      00000      0          0          0          0          0          1          0          0          0          0          0          00000      0          0          0          0          0          0          0          0          0          0          0          0          0          0          0          0          1          00000000   0          0          0          00000      00000      0          0          0          00000      0          0          0          0          0          00000      00000      0          0          00000      0         
115000     1          0          1          000010     010        1          10         0          00110010   0          0          1          0          0          0          0          0          00000      0          00000      0          0          0          00000      0          0          00000      0          0          1          0          1          000010     010        1          10         0          00110010   0          0          1          0          0          0          0          0          *000010100 0          0          *000010100 1          0          *000000000 1          00000      00000      0          0          0          1          00000000   0          1          0          1          00000000   000010     010        1          10         0          00110010   *000010100 0          0          001        010        1          0          *000010100 0          0          *000010100 0          1          0001       0001       00000      1          0          *000010100 1          0          *000000000 1          00         00         1          0          *000000000 1          00000      00000      0          000        0          000        001        1          0          00000      00000      0          0          0          0          00000      00000      0          0          1          0          0          1          0          0          1          0          0          00000      0          0          0          1          0          0          0          0          1          0          0          0          0          1          0          0          1          00000000   1          0          0          00000      00000      0          0          0          00000      0          1          0          0          0          00000      00000      0          0          00000      0         
120000     0          0          0          000010     010        1          10         0          00110010   0          0          1          0          0          0          0          0          00000      0          00000      0          0          0          00000      0          0          00000      0          0          0          0          0          000010     010        1          10         0          00110010   0          0          1          0          0          0          0          0          *000010100 0          0          *000010100 1          0          *000000000 1          00000      00000      0          0          0          1          00000000   0          0          0          0          00000000   000010     010        1          10         0          00110010   *000010100 0          0          001        010        0          0          *000010100 0          0          *000010100 0          1          0001       0001       00000      0          0          *000010100 1          0          *000000000 1          00         00         0          0          *000000000 1          00000      00000      0          000        0          000        001        0          0          00000      00000      0          0          0          0          00000      00000      0          0          0          0          0          1          0          0          0          0          0          00000      0          0          0          0          0          0          0          0          0          0          0          0          0          0          0          0          1          00000000   0          0          0          00000      00000      0          0          0          00000      0          0          0          0          0          00000      00000      0          0          00000      0         
125000     1          0          0          000010     010        1          10         0          00110010   0          0          1          0          0          0          0          0          00000      0          00000      0          0          0          00000      0          0          00000      0          0          1          0          0          000010     010        1          10         0          00110010   0          0          1          0          0          0          0          0          *000010100 0          0          *000010100 1          0          *000000000 0          00000      00000      0          0          0          1          00000000   0          1          0          0          00000000   000010     010        1          10         0          00110010   *000010100 0          0          010        011        1          0          *000010100 0          0          *000010100 0          1          0001       0001       00000      1          0          *000010100 1          0          *000000000 0          00         00         1          0          *000000000 0          00000      00000      0          000        0          001        010        1          0          00000      00000      0          0          0          0          00000      00000      0          0          1          0          0          1          0          0          1          0          0          00000      0          0          0          1          0          0          0          0          1          0          0          0          0          1          0          0          1          00000000   1          0          0          00000      00000      0          0          0          00000      0          1          0          0          0          00000      00000      0          0          00000      0         
130000     0          0          0          000010     010        1          10         0          00110010   0          0          1          0          0          0          0          0          00000      0          00000      0          0          0          00000      0          0          00000      0          0          0          0          0          000010     010        1          10         0          00110010   0          0          1          0          0          0          0          0          *000010100 0          0          *000010100 1          0          *000000000 0          00000      00000      0          0          0          1          00000000   0          0          0          0          00000000   000010     010        1          10         0          00110010   *000010100 0          0          010        011        0          0          *000010100 0          0          *000010100 0          1          0001       0001       00000      0          0          *000010100 1          0          *000000000 0          00         00         0          0          *000000000 0          00000      00000      0          000        0          001        010        0          0          00000      00000      0          0          0          0          00000      00000      0          0          0          0          0          1          0          0          0          0          0          00000      0          0          0          0          0          0          0          0          0          0          0          0          0          0          0          0          1          00000000   0          0          0          00000      00000      0          0          0          00000      0          0          0          0          0          00000      00000      0          0          00000      0         
135000     1          0          0          000010     010        1          10         0          00110010   0          0          1          0          0          0          0          0          00000      0          00000      0          0          0          00000      0          0          00000      0          0          1          0          0          000010     010        1          10         0          00110010   0          0          1          0          0          0          0          0          *000010100 0          0          *000010100 1          0          *000000000 0          00000      00000      0          0          0          1          00000000   0          1          0          0          00000000   000010     010        1          10         0          00110010   *000010100 0          0          011        100        1          0          *000010100 0          0          *000010100 0          1          0001       0001       00000      1          0          *000010100 1          0          *000000000 0          00         00         1          0          *000000000 0          00000      00000      0          000        0          010        011        1          0          00000      00000      0          0          0          0          00000      00000      0          0          1          0          0          1          0          0          1          0          0          00000      0          0          0          1          0          0          0          0          1          0          0          0          0          1          0          0          1          00000000   1          0          0          00000      00000      0          0          0          00000      0          1          0          0          0          00000      00000      0          0          00000      0         
140000     0          0          0          000010     010        1          10         0          00110010   0          0          1          0          0          0          0          0          00000      0          00000      0          0          0          00000      0          0          00000      0          0          0          0          0          000010     010        1          10         0          00110010   0          0          1          0          0          0          0          0          *000010100 0          0          *000010100 1          0          *000000000 0          00000      00000      0          0          0          1          00000000   0          0          0          0          00000000   000010     010        1          10         0          00110010   *000010100 0          0          011        100        0          0          *000010100 0          0          *000010100 0          1          0001       0001       00000      0          0          *000010100 1          0          *000000000 0          00         00         0          0          *000000000 0          00000      00000      0          000        0          010        011        0          0          00000      00000      0          0          0          0          00000      00000      0          0          0          0          0          1          0          0          0          0          0          00000      0          0          0          0          0          0          0          0          0          0          0          0          0          0          0          0          1          00000000   0          0          0          00000      00000      0          0          0          00000      0          0          0          0          0          00000      00000      0          0          00000      0         
145000     1          0          0          000010     010        1          10         0          00110010   0          0          1          0          0          0          0          0          00001      0          00000      0          0          0          00000      0          0          00000      0          0          1          0          0          000010     010        1          10         0          00110010   0          0          1          0          0          0          0          0          *000110010 0          0          *000010100 1          0          *000000000 0          00001      00000      0          0          0          1          00000000   0          1          0          0          00000000   000010     010        1          10         0          00110010   *000110010 0          0          100        000        1          0          *000110010 0          0          *000010100 0          1          0001       0001       00000      1          0          *000010100 1          0          *000000000 0          00         00         1          0          *000000000 0          00001      00001      0          000        0          011        000        1          0          00001      00001      0          0          0          0          00000      00000      0          0          1          0          0          1          0          0          1          0          0          00000      0          0          0          1          0          0          0          0          1          0          0          0          0          1          0          0          1          00000000   1          0          0          00001      00000      0          0          0          00000      0          1          0          0          0          00001      00000      0          0          00000      0         
150000     0          0          0          000010     010        1          10         0          00110010   0          0          1          0          0          0          0          0          00001      0          00000      0          0          0          00000      0          0          00000      0          0          0          0          0          000010     010        1          10         0          00110010   0          0          1          0          0          0          0          0          *000110010 0          0          *000010100 1          0          *000000000 0          00001      00000      0          0          0          1          00000000   0          0          0          0          00000000   000010     010        1          10         0          00110010   *000110010 0          0          100        000        0          0          *000110010 0          0          *000010100 0          1          0001       0001       00000      0          0          *000010100 1          0          *000000000 0          00         00         0          0          *000000000 0          00001      00001      0          000        0          011        000        0          0          00001      00001      0          0          0          0          00000      00000      0          0          0          0          0          1          0          0          0          0          0          00000      0          0          0          0          0          0          0          0          0          0          0          0          0          0          0          0          1          00000000   0          0          0          00001      00000      0          0          0          00000      0          0          0          0          0          00001      00000      0          0          00000      0         
155000     1          0          0          000010     010        1          10         0          00110010   0          0          1          0          0          0          0          0          00001      1          00000      0          0          0          00000      0          0          00000      0          0          1          0          0          000010     010        1          10         0          00110010   0          0          1          0          0          0          0          0          *000110010 1          0          *000010100 1          0          *000000000 0          00001      00000      0          0          0          1          00000000   0          1          0          0          00000000   000010     010        1          10         0          00110010   *000110010 1          0          000        000        1          0          *000110010 1          0          *000010100 0          1          0001       0001       00000      1          0          *000010100 1          0          *000000000 0          00         00         1          0          *000000000 0          00001      00001      1          000        0          000        000        1          0          00001      00001      1          0          0          0          00000      00000      0          0          1          0          0          1          0          0          1          0          0          00000      0          0          0          1          0          0          0          0          1          0          0          0          0          1          0          0          1          00000000   1          0          1          00001      00000      0          0          0          00000      0          1          0          1          0          00001      00000      0          0          00000      0         
160000     0          0          1          000011     000        0          00         0          00111100   0          0          1          0          0          0          0          0          00001      1          00000      0          0          0          00000      0          0          00000      0          0          0          0          1          000011     000        0          00         0          00111100   0          0          1          0          0          0          0          0          *000110010 1          0          *000010100 1          0          *000000000 0          00001      00000      0          0          0          1          00000000   0          0          0          1          00000000   000011     000        0          00         0          00111100   *000110010 1          0          000        001        0          0          *000110010 1          0          *000010100 0          1          0001       0001       00000      0          0          *000010100 1          0          *000000000 0          00         00         0          0          *000000000 0          00001      00001      1          000        0          000        000        0          0          00001      00001      1          0          0          0          00000      00000      0          0          0          0          0          1          0          0          0          0          0          00000      0          0          0          0          0          0          0          0          0          0          0          0          0          0          0          0          1          00000000   0          0          1          00001      00000      0          0          0          00000      0          0          0          1          0          00001      00000      0          0          00000      0         
165000     1          0          1          000011     000        0          00         0          00111100   0          0          1          0          0          0          0          0          00001      0          00001      1          0          0          00000      1          0          00000      0          0          1          0          1          000011     000        0          00         0          00111100   0          0          1          0          0          0          0          0          *000110010 0          0          *000010100 0          0          *000000000 0          00001      00001      0          1          0          1          00000000   0          1          0          1          00000000   000011     000        0          00         0          00111100   *000110010 0          0          001        010        1          0          *000110010 0          0          *000010100 0          0          0010       0001       00001      1          0          *000010100 0          0          *000000000 0          00         01         1          0          *000000000 0          00001      00001      0          000        0          000        000        1          0          00001      00001      0          0          0          0          00001      00001      1          0          1          0          1          1          0          0          1          0          1          00001      0          0          0          1          0          0          0          0          1          0          0          0          0          1          0          0          1          00000000   1          0          0          00001      00001      0          0          0          00000      1          1          0          0          0          00001      00001      0          0          00000      0         
170000     0          0          0          000011     000        0          00         0          00111100   0          0          1          0          0          0          0          0          00001      0          00001      1          0          0          00000      1          0          00000      0          0          0          0          0          000011     000        0          00         0          00111100   0          0          1          0          0          0          0          0          *000110010 0          0          *000010100 0          0          *000000000 0          00001      00001      0          1          0          1          00000000   0          0          0          0          00000000   000011     000        0          00         0          00111100   *000110010 0          0          001        010        0          0          *000110010 0          0          *000010100 0          0          0010       0001       00001      0          0          *000010100 0          0          *000000000 0          00         01         0          0          *000000000 0          00001      00001      0          000        0          000        000        0          0          00001      00001      0          0          0          0          00001      00001      1          0          0          0          1          1          0          0          0          0          1          00001      0          0          0          0          0          0          0          0          0          0          0          0          0          0          0          0          1          00000000   0          0          0          00001      00001      0          0          0          00000      1          0          0          0          0          00001      00001      0          0          00000      0         
175000     1          0          0          000011     000        0          00         0          00111100   0          0          0          0          1          1          0          0          00001      0          00001      0          1          0          00000      0          0          00000      0          0          1          0          0          000011     000        0          00         0          00111100   0          0          0          0          1          1          0          0          *000110010 0          0          *000010100 0          1          *000000000 0          00001      00001      0          0          0          1          00000000   0          1          0          0          00000000   000011     000        0          00         0          00111100   *000110010 0          0          010        011        1          0          *000110010 0          1          *000010100 0          0          0010       0001       00001      1          0          *000010100 0          1          *000000000 0          01         00         1          0          *000000000 0          00001      00001      0          000        0          000        000        1          0          00001      00001      0          0          0          0          00001      00001      0          0          1          0          0          0          0          1          1          0          0          00001      1          1          0          1          0          1          0          0          1          0          0          0          0          1          0          0          1          00000000   1          0          0          00001      00001      0          0          0          00000      0          1          0          0          0          00001      00001      0          0          00000      0         
180000     0          0          0          000011     000        0          00         0          00111100   0          0          0          0          1          1          0          0          00001      0          00001      0          1          0          00000      0          0          00000      0          0          0          0          0          000011     000        0          00         0          00111100   0          0          0          0          1          1          0          0          *000110010 0          0          *000010100 0          1          *000000000 0          00001      00001      0          0          0          1          00000000   0          0          0          0          00000000   000011     000        0          00         0          00111100   *000110010 0          0          010        011        0          0          *000110010 0          1          *000010100 0          0          0010       0001       00001      0          0          *000010100 0          1          *000000000 0          01         00         0          0          *000000000 0          00001      00001      0          000        0          000        000        0          0          00001      00001      0          0          0          0          00001      00001      0          0          0          0          0          0          0          1          0          0          0          00001      1          1          0          0          0          1          0          0          0          0          0          0          0          0          0          0          1          00000000   0          0          0          00001      00001      0          0          0          00000      0          0          0          0          0          00001      00001      0          0          00000      0         
185000     1          0          0          000011     000        0          00         0          00111100   0          0          1          0          0          0          0          0          00001      0          00001      0          0          1          00000      0          0          00000      0          0          1          0          0          000011     000        0          00         0          00111100   0          0          1          0          0          0          0          0          *000110010 0          0          *000110010 1          0          *000010100 1          00001      00001      0          0          0          1          00000000   0          1          0          0          00000000   000011     000        0          00         0          00111100   *000110010 0          0          011        100        1          0          *000110010 0          0          *000110010 0          1          0010       0010       00000      1          0          *000110010 1          0          *000010100 1          00         00         1          0          *000010100 1          00001      00001      0          000        0          000        001        1          0          00001      00001      0          0          1          0          00001      00001      0          0          1          0          0          1          0          0          1          0          0          00001      0          0          0          1          0          0          0          1          1          0          1          0          0          1          0          0          1          00000000   1          0          0          00001      00001      1          0          0          00000      0          1          0          0          1          00001      00001      0          0          00000      0         
190000     0          0          0          000011     000        0          00         0          00111100   0          0          1          0          0          0          0          0          00001      0          00001      0          0          1          00000      0          0          00000      0          0          0          0          0          000011     000        0          00         0          00111100   0          0          1          0          0          0          0          0          *000110010 0          0          *000110010 1          0          *000010100 1          00001      00001      0          0          0          1          00000000   0          0          0          0          00000000   000011     000        0          00         0          00111100   *000110010 0          0          011        100        0          0          *000110010 0          0          *000110010 0          1          0010       0010       00000      0          0          *000110010 1          0          *000010100 1          00         00         0          0          *000010100 1          00001      00001      0          000        0          000        001        0          0          00001      00001      0          0          1          0          00001      00001      0          0          0          0          0          1          0          0          0          0          0          00001      0          0          0          0          0          0          0          1          0          0          1          0          0          0          0          0          1          00000000   0          0          0          00001      00001      1          0          0          00000      0          0          0          0          1          00001      00001      0          0          00000      0         
195000     1          0          0          000011     000        0          00         0          00111100   0          0          1          0          0          0          0          1          00001      0          00001      0          0          1          00000      0          0          00000      0          0          1          0          0          000011     000        0          00         0          00111100   0          0          1          0          0          0          0          1          *000111100 0          0          *000110010 1          0          *000010100 0          00001      00001      0          0          1          1          00000000   0          1          0          0          00000000   000011     000        0          00         0          00111100   *000111100 0          0          100        000        1          0          *000111100 0          0          *000110010 0          1          0010       0010       00000      1          0          *000110010 1          0          *000010100 0          00         00         1          0          *000010100 0          00001      00001      0          000        0          001        010        1          0          00001      00001      0          0          1          0          00001      00001      0          0          1          0          0          1          0          0          1          0          0          00001      0          0          0          1          0          0          0          1          1          0          1          1          1          1          0          1          1          00000000   1          0          0          00001      00001      1          0          0          00000      0          1          0          0          1          00001      00001      0          0          00000      0         
200000     0          0          0          000011     000        0          00         0          00111100   0          0          1          0          0          0          0          1          00001      0          00001      0          0          1          00000      0          0          00000      0          0          0          0          0          000011     000        0          00         0          00111100   0          0          1          0          0          0          0          1          *000111100 0          0          *000110010 1          0          *000010100 0          00001      00001      0          0          1          1          00000000   0          0          0          0          00000000   000011     000        0          00         0          00111100   *000111100 0          0          100        000        0          0          *000111100 0          0          *000110010 0          1          0010       0010       00000      0          0          *000110010 1          0          *000010100 0          00         00         0          0          *000010100 0          00001      00001      0          000        0          001        010        0          0          00001      00001      0          0          1          0          00001      00001      0          0          0          0          0          1          0          0          0          0          0          00001      0          0          0          0          0          0          0          1          0          0          1          1          1          0          0          1          1          00000000   0          0          0          00001      00001      1          0          0          00000      0          0          0          0          1          00001      00001      0          0          00000      0         
205000     1          0          0          000011     000        0          00         0          00111100   0          0          1          0          0          0          0          1          00001      0          00001      0          0          1          00000      0          0          00000      0          0          1          0          0          000011     000        0          00         0          00111100   0          0          1          0          0          0          0          1          *000111100 1          0          *000110010 1          0          *000010100 0          00001      00001      0          0          1          1          00000001   0          1          0          0          00000001   000011     000        0          00         0          00111100   *000111100 1          0          000        000        1          0          *000111100 1          0          *000110010 0          1          0010       0010       00000      1          0          *000110010 1          0          *000010100 0          00         00         1          0          *000010100 0          00001      00001      0          000        0          010        011        1          0          00001      00001      0          0          1          0          00001      00001      0          0          1          0          0          1          0          0          1          0          0          00001      0          0          0          1          0          0          0          1          1          0          1          1          1          1          0          1          1          00000001   1          0          0          00001      00001      1          0          0          00000      0          1          0          0          1          00001      00001      0          0          00000      0         
210000     0          0          0          000011     000        0          00         0          00111100   0          0          1          0          0          0          0          1          00001      0          00001      0          0          1          00000      0          0          00000      0          0          0          0          0          000011     000        0          00         0          00111100   0          0          1          0          0          0          0          1          *000111100 1          0          *000110010 1          0          *000010100 0          00001      00001      0          0          1          1          00000001   0          0          0          0          00000001   000011     000        0          00         0          00111100   *000111100 1          0          000        000        0          0          *000111100 1          0          *000110010 0          1          0010       0010       00000      0          0          *000110010 1          0          *000010100 0          00         00         0          0          *000010100 0          00001      00001      0          000        0          010        011        0          0          00001      00001      0          0          1          0          00001      00001      0          0          0          0          0          1          0          0          0          0          0          00001      0          0          0          0          0          0          0          1          0          0          1          1          1          0          0          1          1          00000001   0          0          0          00001      00001      1          0          0          00000      0          0          0          0          1          00001      00001      0          0          00000      0         
215000     1          0          0          000011     000        0          00         0          00111100   0          0          1          0          0          0          0          1          00001      0          00001      0          0          1          00000      0          0          00000      0          0          1          0          0          000011     000        0          00         0          00111100   0          0          1          0          0          0          0          1          *000111100 0          0          *000110010 0          0          *000010100 0          00001      00001      0          0          1          1          00000010   0          1          0          0          00000010   000011     000        0          00         0          00111100   *000111100 0          0          000        000        1          0          *000111100 0          0          *000110010 0          0          0011       0010       00001      1          0          *000110010 0          0          *000010100 0          00         01         1          0          *000010100 0          00001      00001      0          000        0          011        000        1          0          00001      00001      0          0          1          0          00001      00001      0          0          1          0          0          1          0          0          1          0          0          00001      0          0          0          1          0          0          0          1          1          0          1          1          1          1          0          1          1          00000010   1          0          0          00001      00001      1          0          0          00000      0          1          0          0          1          00001      00001      0          0          00000      0         
220000     0          0          0          000011     000        0          00         0          00111100   0          0          1          0          0          0          0          1          00001      0          00001      0          0          1          00000      0          0          00000      0          0          0          0          0          000011     000        0          00         0          00111100   0          0          1          0          0          0          0          1          *000111100 0          0          *000110010 0          0          *000010100 0          00001      00001      0          0          1          1          00000010   0          0          0          0          00000010   000011     000        0          00         0          00111100   *000111100 0          0          000        000        0          0          *000111100 0          0          *000110010 0          0          0011       0010       00001      0          0          *000110010 0          0          *000010100 0          00         01         0          0          *000010100 0          00001      00001      0          000        0          011        000        0          0          00001      00001      0          0          1          0          00001      00001      0          0          0          0          0          1          0          0          0          0          0          00001      0          0          0          0          0          0          0          1          0          0          1          1          1          0          0          1          1          00000010   0          0          0          00001      00001      1          0          0          00000      0          0          0          0          1          00001      00001      0          0          00000      0         
225000     1          0          0          000011     000        0          00         0          00111100   0          0          1          0          0          0          0          1          00001      1          00001      0          0          1          00000      0          0          00000      0          1          1          0          0          000011     000        0          00         0          00111100   0          0          1          0          0          0          0          1          *000111100 0          0          *000110010 0          1          *000010100 0          00001      00001      0          0          1          1          00000011   0          1          0          0          00000011   000011     000        0          00         0          00111100   *000111100 0          0          000        000        1          0          *000111100 0          1          *000110010 0          0          0011       0010       00001      1          0          *000110010 0          1          *000010100 0          01         00         1          0          *000010100 0          00001      00001      1          000        0          000        000        1          0          00001      00001      1          0          1          0          00001      00001      0          0          1          0          0          1          0          0          1          0          0          00001      0          0          0          1          0          0          0          1          1          0          1          1          1          1          0          1          1          00000011   1          0          1          00001      00001      1          0          0          00000      0          1          0          1          1          00001      00001      1          0          00000      0         
230000     0          0          1          000100     011        1          01         0          01010000   0          0          1          0          0          0          0          1          00001      1          00001      0          0          1          00000      0          0          00000      0          1          0          0          1          000100     011        1          01         0          01010000   0          0          1          0          0          0          0          1          *000111100 0          0          *000110010 0          1          *000010100 0          00001      00001      0          0          1          1          00000011   0          0          0          1          00000011   000100     011        1          01         0          01010000   *000111100 0          0          000        001        0          0          *000111100 0          1          *000110010 0          0          0011       0010       00001      0          0          *000110010 0          1          *000010100 0          01         00         0          0          *000010100 0          00001      00001      1          000        0          000        000        0          0          00001      00001      1          0          1          0          00001      00001      0          0          0          0          0          1          0          0          0          0          0          00001      0          0          0          0          0          0          0          1          0          0          1          1          1          0          0          1          1          00000011   0          0          1          00001      00001      1          0          0          00000      0          0          0          1          1          00001      00001      1          0          00000      0         
235000     1          0          1          000100     011        1          01         0          01010000   0          0          1          0          0          0          0          1          00001      0          00001      0          0          1          00001      0          1          00001      1          0          1          0          1          000100     011        1          01         0          01010000   0          0          1          0          0          0          0          1          *000111100 0          0          *000111100 1          0          *000110010 1          00001      00001      1          0          1          1          00000100   1          1          0          1          00000100   000100     011        1          01         0          01010000   *000111100 0          0          001        010        1          0          *000111100 0          0          *000111100 0          1          0011       0011       00000      1          0          *000111100 1          0          *000110010 1          00         00         1          0          *000110010 1          00001      00001      0          000        0          000        001        1          0          00001      00001      0          0          1          0          00001      00001      0          1          1          0          0          1          0          0          1          0          0          00001      0          0          0          1          0          0          1          1          1          0          0          1          1          1          0          1          1          00000100   1          0          0          00001      00001      1          0          1          00001      0          1          0          0          1          00001      00001      0          1          00001      1         
240000     0          0          0          000100     011        1          01         0          01010000   0          0          1          0          0          0          0          1          00001      0          00001      0          0          1          00001      0          1          00001      1          0          0          0          0          000100     011        1          01         0          01010000   0          0          1          0          0          0          0          1          *000111100 0          0          *000111100 1          0          *000110010 1          00001      00001      1          0          1          1          00000100   1          0          0          0          00000100   000100     011        1          01         0          01010000   *000111100 0          0          001        010        0          0          *000111100 0          0          *000111100 0          1          0011       0011       00000      0          0          *000111100 1          0          *000110010 1          00         00         0          0          *000110010 1          00001      00001      0          000        0          000        001        0          0          00001      00001      0          0          1          0          00001      00001      0          1          0          0          0          1          0          0          0          0          0          00001      0          0          0          0          0          0          1          1          0          0          0          1          1          0          0          1          1          00000100   0          0          0          00001      00001      1          0          1          00001      0          0          0          0          1          00001      00001      0          1          00001      1         
245000     1          0          0          000100     011        1          01         0          01010000   0          0          1          0          0          0          0          0          00001      0          00001      0          0          0          00000      0          0          00000      0          0          1          0          0          000100     011        1          01         0          01010000   0          0          1          0          0          0          0          0          *000111100 0          0          *000111100 1          0          *000110010 0          00001      00001      0          0          0          1          00000101   0          1          0          0          00000101   000100     011        1          01         0          01010000   *000111100 0          0          010        011        1          0          *000111100 0          0          *000111100 0          1          0011       0011       00000      1          0          *000111100 1          0          *000110010 0          00         00         1          0          *000110010 0          00001      00001      0          000        0          001        010        1          0          00001      00001      0          0          0          0          00001      00001      0          0          1          0          0          1          0          0          1          0          0          00001      0          0          0          1          0          0          0          0          1          0          0          0          0          1          0          0          1          00000101   1          0          0          00001      00001      0          0          0          00000      0          1          0          0          0          00001      00001      0          0          00000      0         
250000     0          0          0          000100     011        1          01         0          01010000   0          0          1          0          0          0          0          0          00001      0          00001      0          0          0          00000      0          0          00000      0          0          0          0          0          000100     011        1          01         0          01010000   0          0          1          0          0          0          0          0          *000111100 0          0          *000111100 1          0          *000110010 0          00001      00001      0          0          0          1          00000101   0          0          0          0          00000101   000100     011        1          01         0          01010000   *000111100 0          0          010        011        0          0          *000111100 0          0          *000111100 0          1          0011       0011       00000      0          0          *000111100 1          0          *000110010 0          00         00         0          0          *000110010 0          00001      00001      0          000        0          001        010        0          0          00001      00001      0          0          0          0          00001      00001      0          0          0          0          0          1          0          0          0          0          0          00001      0          0          0          0          0          0          0          0          0          0          0          0          0          0          0          0          1          00000101   0          0          0          00001      00001      0          0          0          00000      0          0          0          0          0          00001      00001      0          0          00000      0         
255000     1          0          0          000100     011        1          01         0          01010000   0          0          1          0          0          0          0          0          00001      0          00001      0          0          0          00000      0          0          00000      0          0          1          0          0          000100     011        1          01         0          01010000   0          0          1          0          0          0          0          0          *000111100 0          0          *000111100 1          0          *000110010 0          00001      00001      0          0          0          1          00000101   0          1          0          0          00000101   000100     011        1          01         0          01010000   *000111100 0          0          011        100        1          0          *000111100 0          0          *000111100 0          1          0011       0011       00000      1          0          *000111100 1          0          *000110010 0          00         00         1          0          *000110010 0          00001      00001      0          000        0          010        011        1          0          00001      00001      0          0          0          0          00001      00001      0          0          1          0          0          1          0          0          1          0          0          00001      0          0          0          1          0          0          0          0          1          0          0          0          0          1          0          0          1          00000101   1          0          0          00001      00001      0          0          0          00000      0          1          0          0          0          00001      00001      0          0          00000      0         
260000     0          0          0          000100     011        1          01         0          01010000   0          0          1          0          0          0          0          0          00001      0          00001      0          0          0          00000      0          0          00000      0          0          0          0          0          000100     011        1          01         0          01010000   0          0          1          0          0          0          0          0          *000111100 0          0          *000111100 1          0          *000110010 0          00001      00001      0          0          0          1          00000101   0          0          0          0          00000101   000100     011        1          01         0          01010000   *000111100 0          0          011        100        0          0          *000111100 0          0          *000111100 0          1          0011       0011       00000      0          0          *000111100 1          0          *000110010 0          00         00         0          0          *000110010 0          00001      00001      0          000        0          010        011        0          0          00001      00001      0          0          0          0          00001      00001      0          0          0          0          0          1          0          0          0          0          0          00001      0          0          0          0          0          0          0          0          0          0          0          0          0          0          0          0          1          00000101   0          0          0          00001      00001      0          0          0          00000      0          0          0          0          0          00001      00001      0          0          00000      0         
265000     1          0          0          000100     011        1          01         0          01010000   0          0          1          0          0          0          0          0          00001      0          00001      0          0          0          00000      0          0          00000      0          0          1          0          0          000100     011        1          01         0          01010000   0          0          1          0          0          0          0          0          *001010000 0          0          *000111100 1          0          *000110010 0          00001      00001      0          0          0          1          00000101   0          1          0          0          00000101   000100     011        1          01         0          01010000   *001010000 0          0          100        000        1          0          *001010000 0          0          *000111100 0          1          0011       0011       00000      1          0          *000111100 1          0          *000110010 0          00         00         1          0          *000110010 0          00001      00001      0          000        0          011        000        1          0          00001      00001      0          0          0          0          00001      00001      0          0          1          0          0          1          0          0          1          0          0          00001      0          0          0          1          0          0          0          0          1          0          0          0          0          1          0          0          1          00000101   1          0          0          00001      00001      0          0          0          00000      0          1          0          0          0          00001      00001      0          0          00000      0         
270000     0          0          0          000100     011        1          01         0          01010000   0          0          1          0          0          0          0          0          00001      0          00001      0          0          0          00000      0          0          00000      0          0          0          0          0          000100     011        1          01         0          01010000   0          0          1          0          0          0          0          0          *001010000 0          0          *000111100 1          0          *000110010 0          00001      00001      0          0          0          1          00000101   0          0          0          0          00000101   000100     011        1          01         0          01010000   *001010000 0          0          100        000        0          0          *001010000 0          0          *000111100 0          1          0011       0011       00000      0          0          *000111100 1          0          *000110010 0          00         00         0          0          *000110010 0          00001      00001      0          000        0          011        000        0          0          00001      00001      0          0          0          0          00001      00001      0          0          0          0          0          1          0          0          0          0          0          00001      0          0          0          0          0          0          0          0          0          0          0          0          0          0          0          0          1          00000101   0          0          0          00001      00001      0          0          0          00000      0          0          0          0          0          00001      00001      0          0          00000      0         
275000     1          0          0          000100     011        1          01         0          01010000   0          0          1          0          0          0          0          0          00001      1          00001      0          0          0          00000      0          0          00000      0          0          1          0          0          000100     011        1          01         0          01010000   0          0          1          0          0          0          0          0          *001010000 1          0          *000111100 1          0          *000110010 0          00001      00001      0          0          0          1          00000101   0          1          0          0          00000101   000100     011        1          01         0          01010000   *001010000 1          0          000        000        1          0          *001010000 1          0          *000111100 0          1          0011       0011       00000      1          0          *000111100 1          0          *000110010 0          00         00         1          0          *000110010 0          00001      00001      1          000        0          000        000        1          0          00001      00001      1          0          0          0          00001      00001      0          0          1          0          0          1          0          0          1          0          0          00001      0          0          0          1          0          0          0          0          1          0          0          0          0          1          0          0          1          00000101   1          0          1          00001      00001      0          0          0          00000      0          1          0          1          0          00001      00001      0          0          00000      0         
280000     0          0          0          000100     011        1          01         0          01010000   0          0          1          0          0          0          0          0          00001      1          00001      0          0          0          00000      0          0          00000      0          0          0          0          0          000100     011        1          01         0          01010000   0          0          1          0          0          0          0          0          *001010000 1          0          *000111100 1          0          *000110010 0          00001      00001      0          0          0          1          00000101   0          0          0          0          00000101   000100     011        1          01         0          01010000   *001010000 1          0          000        000        0          0          *001010000 1          0          *000111100 0          1          0011       0011       00000      0          0          *000111100 1          0          *000110010 0          00         00         0          0          *000110010 0          00001      00001      1          000        0          000        000        0          0          00001      00001      1          0          0          0          00001      00001      0          0          0          0          0          1          0          0          0          0          0          00001      0          0          0          0          0          0          0          0          0          0          0          0          0          0          0          0          1          00000101   0          0          1          00001      00001      0          0          0          00000      0          0          0          1          0          00001      00001      0          0          00000      0         
285000     1          0          0          000100     011        1          01         0          01010000   0          0          1          0          0          0          0          0          00001      0          00001      1          0          0          00000      1          0          00000      0          0          1          0          0          000100     011        1          01         0          01010000   0          0          1          0          0          0          0          0          *001010000 0          0          *000111100 0          0          *000110010 0          00001      00001      0          1          0          1          00000101   0          1          0          0          00000101   000100     011        1          01         0          01010000   *001010000 0          0          000        000        1          0          *001010000 0          0          *000111100 0          0          0100       0011       00001      1          0          *000111100 0          0          *000110010 0          00         01         1          0          *000110010 0          00001      00001      0          000        0          000        000        1          0          00001      00001      0          0          0          0          00001      00001      1          0          1          0          1          1          0          0          1          0          1          00001      0          0          0          1          0          0          0          0          1          0          0          0          0          1          0          0          1          00000101   1          0          0          00001      00001      0          0          0          00000      1          1          0          0          0          00001      00001      0          0          00000      0         
290000     0          0          0          000100     011        1          01         0          01010000   0          0          1          0          0          0          0          0          00001      0          00001      1          0          0          00000      1          0          00000      0          0          0          0          0          000100     011        1          01         0          01010000   0          0          1          0          0          0          0          0          *001010000 0          0          *000111100 0          0          *000110010 0          00001      00001      0          1          0          1          00000101   0          0          0          0          00000101   000100     011        1          01         0          01010000   *001010000 0          0          000        000        0          0          *001010000 0          0          *000111100 0          0          0100       0011       00001      0          0          *000111100 0          0          *000110010 0          00         01         0          0          *000110010 0          00001      00001      0          000        0          000        000        0          0          00001      00001      0          0          0          0          00001      00001      1          0          0          0          1          1          0          0          0          0          1          00001      0          0          0          0          0          0          0          0          0          0          0          0          0          0          0          0          1          00000101   0          0          0          00001      00001      0          0          0          00000      1          0          0          0          0          00001      00001      0          0          00000      0         
295000     1          0          0          000100     011        1          01         0          01010000   0          0          0          0          1          1          0          0          00001      0          00001      0          1          0          00000      0          0          00000      0          0          1          0          0          000100     011        1          01         0          01010000   0          0          0          0          1          1          0          0          *001010000 0          0          *000111100 0          1          *000110010 0          00001      00001      0          0          0          1          00000101   0          1          0          0          00000101   000100     011        1          01         0          01010000   *001010000 0          0          000        000        1          0          *001010000 0          1          *000111100 0          0          0100       0011       00001      1          0          *000111100 0          1          *000110010 0          01         00         1          0          *000110010 0          00001      00001      0          000        0          000        000        1          0          00001      00001      0          0          0          0          00001      00001      0          0          1          0          0          0          0          1          1          0          0          00001      1          1          0          1          0          1          0          0          1          0          0          0          0          1          0          0          1          00000101   1          0          0          00001      00001      0          0          0          00000      0          1          0          0          0          00001      00001      0          0          00000      0         
300000     0          0          1          000101     100        0          10         0          01100100   0          0          0          0          1          1          0          0          00001      0          00001      0          1          0          00000      0          0          00000      0          0          0          0          1          000101     100        0          10         0          01100100   0          0          0          0          1          1          0          0          *001010000 0          0          *000111100 0          1          *000110010 0          00001      00001      0          0          0          1          00000101   0          0          0          1          00000101   000101     100        0          10         0          01100100   *001010000 0          0          000        001        0          0          *001010000 0          1          *000111100 0          0          0100       0011       00001      0          0          *000111100 0          1          *000110010 0          01         00         0          0          *000110010 0          00001      00001      0          000        0          000        000        0          0          00001      00001      0          0          0          0          00001      00001      0          0          0          0          0          0          0          1          0          0          0          00001      1          1          0          0          0          1          0          0          0          0          0          0          0          0          0          0          1          00000101   0          0          0          00001      00001      0          0          0          00000      0          0          0          0          0          00001      00001      0          0          00000      0         
305000     1          0          1          000101     100        0          10         0          01100100   0          0          1          0          0          0          0          0          00001      0          00001      0          0          1          00000      0          0          00000      0          0          1          0          1          000101     100        0          10         0          01100100   0          0          1          0          0          0          0          0          *001010000 0          0          *001010000 1          0          *000111100 1          00001      00001      0          0          0          1          00000101   0          1          0          1          00000101   000101     100        0          10         0          01100100   *001010000 0          0          001        010        1          0          *001010000 0          0          *001010000 0          1          0100       0100       00000      1          0          *001010000 1          0          *000111100 1          00         00         1          0          *000111100 1          00001      00001      0          000        0          000        001        1          0          00001      00001      0          0          1          0          00001      00001      0          0          1          0          0          1          0          0          1          0          0          00001      0          0          0          1          0          0          0          1          1          0          1          0          0          1          0          0          1          00000101   1          0          0          00001      00001      1          0          0          00000      0          1          0          0          1          00001      00001      0          0          00000      0         
310000     0          0          0          000101     100        0          10         0          01100100   0          0          1          0          0          0          0          0          00001      0          00001      0          0          1          00000      0          0          00000      0          0          0          0          0          000101     100        0          10         0          01100100   0          0          1          0          0          0          0          0          *001010000 0          0          *001010000 1          0          *000111100 1          00001      00001      0          0          0          1          00000101   0          0          0          0          00000101   000101     100        0          10         0          01100100   *001010000 0          0          001        010        0          0          *001010000 0          0          *001010000 0          1          0100       0100       00000      0          0          *001010000 1          0          *000111100 1          00         00         0          0          *000111100 1          00001      00001      0          000        0          000        001        0          0          00001      00001      0          0          1          0          00001      00001      0          0          0          0          0          1          0          0          0          0          0          00001      0          0          0          0          0          0          0          1          0          0          1          0          0          0          0          0          1          00000101   0          0          0          00001      00001      1          0          0          00000      0          0          0          0          1          00001      00001      0          0          00000      0         
315000     1          0          0          000101     100        0          10         0          01100100   0          0          1          0          0          0          0          1          00001      0          00001      0          0          1          00000      0          0          00000      0          0          1          0          0          000101     100        0          10         0          01100100   0          0          1          0          0          0          0          1          *001010000 0          0          *001010000 1          0          *000111100 0          00001      00001      0          0          1          1          00000101   0          1          0          0          00000101   000101     100        0          10         0          01100100   *001010000 0          0          010        011        1          0          *001010000 0          0          *001010000 0          1          0100       0100       00000      1          0          *001010000 1          0          *000111100 0          00         00         1          0          *000111100 0          00001      00001      0          000        0          001        010        1          0          00001      00001      0          0          1          0          00001      00001      0          0          1          0          0          1          0          0          1          0          0          00001      0          0          0          1          0          0          0          1          1          0          1          1          1          1          0          1          1          00000101   1          0          0          00001      00001      1          0          0          00000      0          1          0          0          1          00001      00001      0          0          00000      0         
320000     0          0          0          000101     100        0          10         0          01100100   0          0          1          0          0          0          0          1          00001      0          00001      0          0          1          00000      0          0          00000      0          0          0          0          0          000101     100        0          10         0          01100100   0          0          1          0          0          0          0          1          *001010000 0          0          *001010000 1          0          *000111100 0          00001      00001      0          0          1          1          00000101   0          0          0          0          00000101   000101     100        0          10         0          01100100   *001010000 0          0          010        011        0          0          *001010000 0          0          *001010000 0          1          0100       0100       00000      0          0          *001010000 1          0          *000111100 0          00         00         0          0          *000111100 0          00001      00001      0          000        0          001        010        0          0          00001      00001      0          0          1          0          00001      00001      0          0          0          0          0          1          0          0          0          0          0          00001      0          0          0          0          0          0          0          1          0          0          1          1          1          0          0          1          1          00000101   0          0          0          00001      00001      1          0          0          00000      0          0          0          0          1          00001      00001      0          0          00000      0         
325000     1          0          0          000101     100        0          10         0          01100100   0          0          1          0          0          0          0          1          00001      0          00001      0          0          1          00000      0          0          00000      0          0          1          0          0          000101     100        0          10         0          01100100   0          0          1          0          0          0          0          1          *001010000 0          0          *001010000 1          0          *000111100 0          00001      00001      0          0          1          1          00000110   0          1          0          0          00000110   000101     100        0          10         0          01100100   *001010000 0          0          011        100        1          0          *001010000 0          0          *001010000 0          1          0100       0100       00000      1          0          *001010000 1          0          *000111100 0          00         00         1          0          *000111100 0          00001      00001      0          000        0          010        011        1          0          00001      00001      0          0          1          0          00001      00001      0          0          1          0          0          1          0          0          1          0          0          00001      0          0          0          1          0          0          0          1          1          0          1          1          1          1          0          1          1          00000110   1          0          0          00001      00001      1          0          0          00000      0          1          0          0          1          00001      00001      0          0          00000      0         
330000     0          0          0          000101     100        0          10         0          01100100   0          0          1          0          0          0          0          1          00001      0          00001      0          0          1          00000      0          0          00000      0          0          0          0          0          000101     100        0          10         0          01100100   0          0          1          0          0          0          0          1          *001010000 0          0          *001010000 1          0          *000111100 0          00001      00001      0          0          1          1          00000110   0          0          0          0          00000110   000101     100        0          10         0          01100100   *001010000 0          0          011        100        0          0          *001010000 0          0          *001010000 0          1          0100       0100       00000      0          0          *001010000 1          0          *000111100 0          00         00         0          0          *000111100 0          00001      00001      0          000        0          010        011        0          0          00001      00001      0          0          1          0          00001      00001      0          0          0          0          0          1          0          0          0          0          0          00001      0          0          0          0          0          0          0          1          0          0          1          1          1          0          0          1          1          00000110   0          0          0          00001      00001      1          0          0          00000      0          0          0          0          1          00001      00001      0          0          00000      0         
335000     1          0          0          000101     100        0          10         0          01100100   0          0          1          0          0          0          0          1          00001      0          00001      0          0          1          00000      0          0          00000      0          0          1          0          0          000101     100        0          10         0          01100100   0          0          1          0          0          0          0          1          *001100100 0          0          *001010000 1          0          *000111100 0          00001      00001      0          0          1          1          00000111   0          1          0          0          00000111   000101     100        0          10         0          01100100   *001100100 0          0          100        000        1          0          *001100100 0          0          *001010000 0          1          0100       0100       00000      1          0          *001010000 1          0          *000111100 0          00         00         1          0          *000111100 0          00001      00001      0          000        0          011        000        1          0          00001      00001      0          0          1          0          00001      00001      0          0          1          0          0          1          0          0          1          0          0          00001      0          0          0          1          0          0          0          1          1          0          1          1          1          1          0          1          1          00000111   1          0          0          00001      00001      1          0          0          00000      0          1          0          0          1          00001      00001      0          0          00000      0         
340000     0          0          0          000101     100        0          10         0          01100100   0          0          1          0          0          0          0          1          00001      0          00001      0          0          1          00000      0          0          00000      0          0          0          0          0          000101     100        0          10         0          01100100   0          0          1          0          0          0          0          1          *001100100 0          0          *001010000 1          0          *000111100 0          00001      00001      0          0          1          1          00000111   0          0          0          0          00000111   000101     100        0          10         0          01100100   *001100100 0          0          100        000        0          0          *001100100 0          0          *001010000 0          1          0100       0100       00000      0          0          *001010000 1          0          *000111100 0          00         00         0          0          *000111100 0          00001      00001      0          000        0          011        000        0          0          00001      00001      0          0          1          0          00001      00001      0          0          0          0          0          1          0          0          0          0          0          00001      0          0          0          0          0          0          0          1          0          0          1          1          1          0          0          1          1          00000111   0          0          0          00001      00001      1          0          0          00000      0          0          0          0          1          00001      00001      0          0          00000      0         
345000     1          0          0          000101     100        0          10         0          01100100   0          0          1          0          0          0          0          1          00001      1          00001      0          0          1          00000      0          0          00000      0          1          1          0          0          000101     100        0          10         0          01100100   0          0          1          0          0          0          0          1          *001100100 1          0          *001010000 1          0          *000111100 0          00001      00001      0          0          1          1          00001000   0          1          0          0          00001000   000101     100        0          10         0          01100100   *001100100 1          0          000        000        1          0          *001100100 1          0          *001010000 0          1          0100       0100       00000      1          0          *001010000 1          0          *000111100 0          00         00         1          0          *000111100 0          00001      00001      1          000        0          000        000        1          0          00001      00001      1          0          1          0          00001      00001      0          0          1          0          0          1          0          0          1          0          0          00001      0          0          0          1          0          0          0          1          1          0          1          1          1          1          0          1          1          00001000   1          0          1          00001      00001      1          0          0          00000      0          1          0          1          1          00001      00001      1          0          00000      0         
350000     0          0          0          000101     100        0          10         0          01100100   0          0          1          0          0          0          0          1          00001      1          00001      0          0          1          00000      0          0          00000      0          1          0          0          0          000101     100        0          10         0          01100100   0          0          1          0          0          0          0          1          *001100100 1          0          *001010000 1          0          *000111100 0          00001      00001      0          0          1          1          00001000   0          0          0          0          00001000   000101     100        0          10         0          01100100   *001100100 1          0          000        000        0          0          *001100100 1          0          *001010000 0          1          0100       0100       00000      0          0          *001010000 1          0          *000111100 0          00         00         0          0          *000111100 0          00001      00001      1          000        0          000        000        0          0          00001      00001      1          0          1          0          00001      00001      0          0          0          0          0          1          0          0          0          0          0          00001      0          0          0          0          0          0          0          1          0          0          1          1          1          0          0          1          1          00001000   0          0          1          00001      00001      1          0          0          00000      0          0          0          1          1          00001      00001      1          0          00000      0         
355000     1          0          0          000101     100        0          10         0          01100100   0          0          1          0          0          0          0          1          00001      0          00001      0          0          1          00001      0          1          00001      1          0          1          0          0          000101     100        0          10         0          01100100   0          0          1          0          0          0          0          1          *001100100 0          0          *001010000 0          0          *000111100 0          00001      00001      1          0          1          1          00001001   1          1          0          0          00001001   000101     100        0          10         0          01100100   *001100100 0          0          000        000        1          0          *001100100 0          0          *001010000 0          0          0101       0100       00001      1          0          *001010000 0          0          *000111100 0          00         01         1          0          *000111100 0          00001      00001      0          000        0          000        000        1          0          00001      00001      0          0          1          0          00001      00001      0          1          1          0          0          1          0          0          1          0          0          00001      0          0          0          1          0          0          1          1          1          0          0          1          1          1          0          1          1          00001001   1          0          0          00001      00001      1          0          1          00001      0          1          0          0          1          00001      00001      0          1          00001      1         
360000     0          0          0          000101     100        0          10         0          01100100   0          0          1          0          0          0          0          1          00001      0          00001      0          0          1          00001      0          1          00001      1          0          0          0          0          000101     100        0          10         0          01100100   0          0          1          0          0          0          0          1          *001100100 0          0          *001010000 0          0          *000111100 0          00001      00001      1          0          1          1          00001001   1          0          0          0          00001001   000101     100        0          10         0          01100100   *001100100 0          0          000        000        0          0          *001100100 0          0          *001010000 0          0          0101       0100       00001      0          0          *001010000 0          0          *000111100 0          00         01         0          0          *000111100 0          00001      00001      0          000        0          000        000        0          0          00001      00001      0          0          1          0          00001      00001      0          1          0          0          0          1          0          0          0          0          0          00001      0          0          0          0          0          0          1          1          0          0          0          1          1          0          0          1          1          00001001   0          0          0          00001      00001      1          0          1          00001      0          0          0          0          1          00001      00001      0          1          00001      1         
365000     1          0          0          000101     100        0          10         0          01100100   0          0          1          0          0          0          0          0          00001      0          00001      0          0          0          00000      0          0          00000      0          0          1          0          0          000101     100        0          10         0          01100100   0          0          1          0          0          0          0          0          *001100100 0          0          *001010000 0          1          *000111100 0          00001      00001      0          0          0          1          00001010   0          1          0          0          00001010   000101     100        0          10         0          01100100   *001100100 0          0          000        000        1          0          *001100100 0          1          *001010000 0          0          0101       0100       00001      1          0          *001010000 0          1          *000111100 0          01         00         1          0          *000111100 0          00001      00001      0          000        0          000        000        1          0          00001      00001      0          0          0          0          00001      00001      0          0          1          0          0          1          0          0          1          0          0          00001      0          0          0          1          0          0          0          0          1          0          0          0          0          1          0          0          1          00001010   1          0          0          00001      00001      0          0          0          00000      0          1          0          0          0          00001      00001      0          0          00000      0         
370000     0          0          1          000110     010        0          11         1          01111000   0          0          1          0          0          0          0          0          00001      0          00001      0          0          0          00000      0          0          00000      0          0          0          0          1          000110     010        0          11         1          01111000   0          0          1          0          0          0          0          0          *001100100 0          0          *001010000 0          1          *000111100 0          00001      00001      0          0          0          1          00001010   0          0          0          1          00001010   000110     010        0          11         1          01111000   *001100100 0          0          000        001        0          0          *001100100 0          1          *001010000 0          0          0101       0100       00001      0          0          *001010000 0          1          *000111100 0          01         00         0          0          *000111100 0          00001      00001      0          000        0          000        000        0          0          00001      00001      0          0          0          0          00001      00001      0          0          0          0          0          1          0          0          0          0          0          00001      0          0          0          0          0          0          0          0          0          0          0          0          0          0          0          0          1          00001010   0          0          0          00001      00001      0          0          0          00000      0          0          0          0          0          00001      00001      0          0          00000      0         
375000     1          0          1          000110     010        0          11         1          01111000   0          0          1          0          0          0          0          0          00001      0          00001      0          0          0          00000      0          0          00000      0          0          1          0          1          000110     010        0          11         1          01111000   0          0          1          0          0          0          0          0          *001100100 0          0          *001100100 1          0          *001010000 1          00001      00001      0          0          0          1          00001010   0          1          0          1          00001010   000110     010        0          11         1          01111000   *001100100 0          0          001        010        1          0          *001100100 0          0          *001100100 0          1          0101       0101       00000      1          0          *001100100 1          0          *001010000 1          00         00         1          0          *001010000 1          00001      00001      0          000        0          000        001        1          0          00001      00001      0          0          0          0          00001      00001      0          0          1          0          0          1          0          0          1          0          0          00001      0          0          0          1          0          0          0          0          1          0          0          0          0          1          0          0          1          00001010   1          0          0          00001      00001      0          0          0          00000      0          1          0          0          0          00001      00001      0          0          00000      0         
380000     0          0          0          000110     010        0          11         1          01111000   0          0          1          0          0          0          0          0          00001      0          00001      0          0          0          00000      0          0          00000      0          0          0          0          0          000110     010        0          11         1          01111000   0          0          1          0          0          0          0          0          *001100100 0          0          *001100100 1          0          *001010000 1          00001      00001      0          0          0          1          00001010   0          0          0          0          00001010   000110     010        0          11         1          01111000   *001100100 0          0          001        010        0          0          *001100100 0          0          *001100100 0          1          0101       0101       00000      0          0          *001100100 1          0          *001010000 1          00         00         0          0          *001010000 1          00001      00001      0          000        0          000        001        0          0          00001      00001      0          0          0          0          00001      00001      0          0          0          0          0          1          0          0          0          0          0          00001      0          0          0          0          0          0          0          0          0          0          0          0          0          0          0          0          1          00001010   0          0          0          00001      00001      0          0          0          00000      0          0          0          0          0          00001      00001      0          0          00000      0         
385000     1          0          0          000110     010        0          11         1          01111000   0          0          1          0          0          0          0          0          00001      0          00001      0          0          0          00000      0          0          00000      0          0          1          0          0          000110     010        0          11         1          01111000   0          0          1          0          0          0          0          0          *001100100 0          0          *001100100 1          0          *001010000 0          00001      00001      0          0          0          1          00001010   0          1          0          0          00001010   000110     010        0          11         1          01111000   *001100100 0          0          010        101        1          0          *001100100 0          0          *001100100 0          1          0101       0101       00000      1          0          *001100100 1          0          *001010000 0          00         00         1          0          *001010000 0          00001      00001      0          000        0          001        010        1          0          00001      00001      0          0          0          0          00001      00001      0          0          1          0          0          1          0          0          1          0          0          00001      0          0          0          1          0          0          0          0          1          0          0          0          0          1          0          0          1          00001010   1          0          0          00001      00001      0          0          0          00000      0          1          0          0          0          00001      00001      0          0          00000      0         
390000     0          0          0          000110     010        0          11         1          01111000   0          0          1          0          0          0          0          0          00001      0          00001      0          0          0          00000      0          0          00000      0          0          0          0          0          000110     010        0          11         1          01111000   0          0          1          0          0          0          0          0          *001100100 0          0          *001100100 1          0          *001010000 0          00001      00001      0          0          0          1          00001010   0          0          0          0          00001010   000110     010        0          11         1          01111000   *001100100 0          0          010        101        0          0          *001100100 0          0          *001100100 0          1          0101       0101       00000      0          0          *001100100 1          0          *001010000 0          00         00         0          0          *001010000 0          00001      00001      0          000        0          001        010        0          0          00001      00001      0          0          0          0          00001      00001      0          0          0          0          0          1          0          0          0          0          0          00001      0          0          0          0          0          0          0          0          0          0          0          0          0          0          0          0          1          00001010   0          0          0          00001      00001      0          0          0          00000      0          0          0          0          0          00001      00001      0          0          00000      0         
395000     1          0          0          000110     010        0          11         1          01111000   0          0          1          0          0          0          0          0          00001      0          00001      0          0          0          00000      0          0          00000      0          0          1          0          0          000110     010        0          11         1          01111000   0          0          1          0          0          0          0          0          *001100100 0          0          *001100100 1          0          *001010000 0          00001      00001      0          0          0          1          00001010   0          1          0          0          00001010   000110     010        0          11         1          01111000   *001100100 0          0          101        000        1          0          *001100100 0          0          *001100100 0          1          0101       0101       00000      1          0          *001100100 1          0          *001010000 0          00         00         1          0          *001010000 0          00001      00001      0          000        0          010        011        1          0          00001      00001      0          0          0          0          00001      00001      0          0          1          0          0          1          0          0          1          0          0          00001      0          0          0          1          0          0          0          0          1          0          0          0          0          1          0          0          1          00001010   1          0          0          00001      00001      0          0          0          00000      0          1          0          0          0          00001      00001      0          0          00000      0         
400000     0          0          0          000110     010        0          11         1          01111000   0          0          1          0          0          0          0          0          00001      0          00001      0          0          0          00000      0          0          00000      0          0          0          0          0          000110     010        0          11         1          01111000   0          0          1          0          0          0          0          0          *001100100 0          0          *001100100 1          0          *001010000 0          00001      00001      0          0          0          1          00001010   0          0          0          0          00001010   000110     010        0          11         1          01111000   *001100100 0          0          101        000        0          0          *001100100 0          0          *001100100 0          1          0101       0101       00000      0          0          *001100100 1          0          *001010000 0          00         00         0          0          *001010000 0          00001      00001      0          000        0          010        011        0          0          00001      00001      0          0          0          0          00001      00001      0          0          0          0          0          1          0          0          0          0          0          00001      0          0          0          0          0          0          0          0          0          0          0          0          0          0          0          0          1          00001010   0          0          0          00001      00001      0          0          0          00000      0          0          0          0          0          00001      00001      0          0          00000      0         
405000     1          0          0          000110     010        0          11         1          01111000   0          0          1          0          0          0          0          0          00001      0          00001      0          0          0          00000      0          0          00000      0          0          1          0          0          000110     010        0          11         1          01111000   0          0          1          0          0          0          0          0          *000000000 0          1          *001100100 1          0          *001010000 0          00001      00001      0          0          0          1          00001010   0          1          0          0          00001010   000110     010        0          11         1          01111000   *000000000 0          1          000        000        1          0          *000000000 0          0          *001100100 0          1          0101       0101       00000      1          0          *001100100 1          0          *001010000 0          00         00         1          0          *001010000 0          00001      00001      0          000        0          011        000        1          0          00001      00001      0          0          0          0          00001      00001      0          0          1          0          0          1          0          0          1          0          0          00001      0          0          0          1          0          0          0          0          1          0          0          0          0          1          0          0          1          00001010   1          0          0          00001      00001      0          0          0          00000      0          1          0          0          0          00001      00001      0          0          00000      0         
410000     0          0          0          000110     010        0          11         1          01111000   0          0          1          0          0          0          0          0          00001      0          00001      0          0          0          00000      0          0          00000      0          0          0          0          0          000110     010        0          11         1          01111000   0          0          1          0          0          0          0          0          *000000000 0          1          *001100100 1          0          *001010000 0          00001      00001      0          0          0          1          00001010   0          0          0          0          00001010   000110     010        0          11         1          01111000   *000000000 0          1          000        000        0          0          *000000000 0          0          *001100100 0          1          0101       0101       00000      0          0          *001100100 1          0          *001010000 0          00         00         0          0          *001010000 0          00001      00001      0          000        0          011        000        0          0          00001      00001      0          0          0          0          00001      00001      0          0          0          0          0          1          0          0          0          0          0          00001      0          0          0          0          0          0          0          0          0          0          0          0          0          0          0          0          1          00001010   0          0          0          00001      00001      0          0          0          00000      0          0          0          0          0          00001      00001      0          0          00000      0         
415000     1          0          0          000110     010        0          11         1          01111000   0          0          1          0          0          0          0          0          00001      1          00001      0          0          0          00000      0          0          00000      0          0          1          0          0          000110     010        0          11         1          01111000   0          0          1          0          0          0          0          0          *000000000 0          0          *001100100 1          0          *001010000 0          00001      00001      0          0          0          1          00001010   0          1          0          0          00001010   000110     010        0          11         1          01111000   *000000000 0          0          000        000        1          0          *000000000 0          0          *001100100 0          1          0101       0101       00000      1          0          *001100100 1          0          *001010000 0          00         00         1          0          *001010000 0          00001      00001      1          000        0          000        000        1          0          00001      00001      1          0          0          0          00001      00001      0          0          1          0          0          1          0          0          1          0          0          00001      0          0          0          1          0          0          0          0          1          0          0          0          0          1          0          0          1          00001010   1          0          1          00001      00001      0          0          0          00000      0          1          0          1          0          00001      00001      0          0          00000      0         
420000     0          0          0          000110     010        0          11         0          01111000   0          0          1          0          0          0          0          0          00001      1          00001      0          0          0          00000      0          0          00000      0          0          0          0          0          000110     010        0          11         0          01111000   0          0          1          0          0          0          0          0          *000000000 0          0          *001100100 1          0          *001010000 0          00001      00001      0          0          0          1          00001010   0          0          0          0          00001010   000110     010        0          11         0          01111000   *000000000 0          0          000        000        0          0          *000000000 0          0          *001100100 0          1          0101       0101       00000      0          0          *001100100 1          0          *001010000 0          00         00         0          0          *001010000 0          00001      00001      1          000        0          000        000        0          0          00001      00001      1          0          0          0          00001      00001      0          0          0          0          0          1          0          0          0          0          0          00001      0          0          0          0          0          0          0          0          0          0          0          0          0          0          0          0          1          00001010   0          0          1          00001      00001      0          0          0          00000      0          0          0          1          0          00001      00001      0          0          00000      0         
425000     1          0          0          000110     010        0          11         0          01111000   0          0          1          0          0          0          0          0          00001      0          00001      1          0          0          00000      1          0          00000      0          0          1          0          0          000110     010        0          11         0          01111000   0          0          1          0          0          0          0          0          *000000000 0          0          *001100100 1          0          *001010000 0          00001      00001      0          1          0          1          00001010   0          1          0          0          00001010   000110     010        0          11         0          01111000   *000000000 0          0          000        000        1          0          *000000000 0          0          *001100100 0          1          0101       0101       00000      1          0          *001100100 1          0          *001010000 0          00         00         1          0          *001010000 0          00001      00001      0          000        0          000        000        1          0          00001      00001      0          0          0          0          00001      00001      1          0          1          0          1          1          0          0          1          0          1          00001      0          0          0          1          0          0          0          0          1          0          0          0          0          1          0          0          1          00001010   1          0          0          00001      00001      0          0          0          00000      1          1          0          0          0          00001      00001      0          0          00000      0         
430000     0          0          0          000110     010        0          11         0          01111000   0          0          1          0          0          0          0          0          00001      0          00001      1          0          0          00000      1          0          00000      0          0          0          0          0          000110     010        0          11         0          01111000   0          0          1          0          0          0          0          0          *000000000 0          0          *001100100 1          0          *001010000 0          00001      00001      0          1          0          1          00001010   0          0          0          0          00001010   000110     010        0          11         0          01111000   *000000000 0          0          000        000        0          0          *000000000 0          0          *001100100 0          1          0101       0101       00000      0          0          *001100100 1          0          *001010000 0          00         00         0          0          *001010000 0          00001      00001      0          000        0          000        000        0          0          00001      00001      0          0          0          0          00001      00001      1          0          0          0          1          1          0          0          0          0          1          00001      0          0          0          0          0          0          0          0          0          0          0          0          0          0          0          0          1          00001010   0          0          0          00001      00001      0          0          0          00000      1          0          0          0          0          00001      00001      0          0          00000      0         
435000     1          0          0          000110     010        0          11         0          01111000   0          0          0          0          1          1          0          0          00001      0          00001      0          1          0          00000      0          0          00000      0          0          1          0          0          000110     010        0          11         0          01111000   0          0          0          0          1          1          0          0          *000000000 0          0          *001100100 1          0          *001010000 0          00001      00001      0          0          0          1          00001010   0          1          0          0          00001010   000110     010        0          11         0          01111000   *000000000 0          0          000        000        1          0          *000000000 0          0          *001100100 0          1          0101       0101       00000      1          0          *001100100 1          0          *001010000 0          00         00         1          0          *001010000 0          00001      00001      0          000        0          000        000        1          0          00001      00001      0          0          0          0          00001      00001      0          0          1          0          0          0          0          1          1          0          0          00001      1          1          0          1          0          1          0          0          1          0          0          0          0          1          0          0          1          00001010   1          0          0          00001      00001      0          0          0          00000      0          1          0          0          0          00001      00001      0          0          00000      0         
440000     0          0          0          000110     010        0          11         0          01111000   0          0          0          0          1          1          0          0          00001      0          00001      0          1          0          00000      0          0          00000      0          0          0          0          0          000110     010        0          11         0          01111000   0          0          0          0          1          1          0          0          *000000000 0          0          *001100100 1          0          *001010000 0          00001      00001      0          0          0          1          00001010   0          0          0          0          00001010   000110     010        0          11         0          01111000   *000000000 0          0          000        000        0          0          *000000000 0          0          *001100100 0          1          0101       0101       00000      0          0          *001100100 1          0          *001010000 0          00         00         0          0          *001010000 0          00001      00001      0          000        0          000        000        0          0          00001      00001      0          0          0          0          00001      00001      0          0          0          0          0          0          0          1          0          0          0          00001      1          1          0          0          0          1          0          0          0          0          0          0          0          0          0          0          1          00001010   0          0          0          00001      00001      0          0          0          00000      0          0          0          0          0          00001      00001      0          0          00000      0         
445000     1          0          0          000110     010        0          11         0          01111000   0          0          1          0          0          0          0          0          00001      0          00001      0          0          1          00000      0          0          00000      0          0          1          0          0          000110     010        0          11         0          01111000   0          0          1          0          0          0          0          0          *000000000 0          0          *001100100 1          0          *001010000 0          00001      00001      0          0          0          1          00001010   0          1          0          0          00001010   000110     010        0          11         0          01111000   *000000000 0          0          000        000        1          0          *000000000 0          0          *001100100 0          1          0101       0101       00000      1          0          *001100100 1          0          *001010000 0          00         00         1          0          *001010000 0          00001      00001      0          000        0          000        000        1          0          00001      00001      0          0          1          0          00001      00001      0          0          1          0          0          1          0          0          1          0          0          00001      0          0          0          1          0          0          0          1          1          0          1          0          0          1          0          0          1          00001010   1          0          0          00001      00001      1          0          0          00000      0          1          0          0          1          00001      00001      0          0          00000      0         
450000     0          0          0          000110     010        0          11         0          01111000   0          0          1          0          0          0          0          0          00001      0          00001      0          0          1          00000      0          0          00000      0          0          0          0          0          000110     010        0          11         0          01111000   0          0          1          0          0          0          0          0          *000000000 0          0          *001100100 1          0          *001010000 0          00001      00001      0          0          0          1          00001010   0          0          0          0          00001010   000110     010        0          11         0          01111000   *000000000 0          0          000        000        0          0          *000000000 0          0          *001100100 0          1          0101       0101       00000      0          0          *001100100 1          0          *001010000 0          00         00         0          0          *001010000 0          00001      00001      0          000        0          000        000        0          0          00001      00001      0          0          1          0          00001      00001      0          0          0          0          0          1          0          0          0          0          0          00001      0          0          0          0          0          0          0          1          0          0          1          0          0          0          0          0          1          00001010   0          0          0          00001      00001      1          0          0          00000      0          0          0          0          1          00001      00001      0          0          00000      0         
455000     1          0          0          000110     010        0          11         0          01111000   0          0          1          0          0          0          0          1          00001      0          00001      0          0          1          00000      0          0          00000      0          0          1          0          0          000110     010        0          11         0          01111000   0          0          1          0          0          0          0          1          *000000000 0          0          *001100100 1          0          *001010000 0          00001      00001      0          0          1          1          00001010   0          1          0          0          00001010   000110     010        0          11         0          01111000   *000000000 0          0          000        000        1          0          *000000000 0          0          *001100100 0          1          0101       0101       00000      1          0          *001100100 1          0          *001010000 0          00         00         1          0          *001010000 0          00001      00001      0          000        0          000        000        1          0          00001      00001      0          0          1          0          00001      00001      0          0          1          0          0          1          0          0          1          0          0          00001      0          0          0          1          0          0          0          1          1          0          1          1          1          1          0          1          1          00001010   1          0          0          00001      00001      1          0          0          00000      0          1          0          0          1          00001      00001      0          0          00000      0         
460000     0          0          0          000110     010        0          11         0          01111000   0          0          1          0          0          0          0          1          00001      0          00001      0          0          1          00000      0          0          00000      0          0          0          0          0          000110     010        0          11         0          01111000   0          0          1          0          0          0          0          1          *000000000 0          0          *001100100 1          0          *001010000 0          00001      00001      0          0          1          1          00001010   0          0          0          0          00001010   000110     010        0          11         0          01111000   *000000000 0          0          000        000        0          0          *000000000 0          0          *001100100 0          1          0101       0101       00000      0          0          *001100100 1          0          *001010000 0          00         00         0          0          *001010000 0          00001      00001      0          000        0          000        000        0          0          00001      00001      0          0          1          0          00001      00001      0          0          0          0          0          1          0          0          0          0          0          00001      0          0          0          0          0          0          0          1          0          0          1          1          1          0          0          1          1          00001010   0          0          0          00001      00001      1          0          0          00000      0          0          0          0          1          00001      00001      0          0          00000      0         
465000     1          0          0          000110     010        0          11         0          01111000   0          0          1          0          0          0          0          1          00001      0          00001      0          0          1          00000      0          0          00000      0          0          1          0          0          000110     010        0          11         0          01111000   0          0          1          0          0          0          0          1          *000000000 0          0          *001100100 1          0          *001010000 0          00001      00001      0          0          1          1          00001011   0          1          0          0          00001011   000110     010        0          11         0          01111000   *000000000 0          0          000        000        1          0          *000000000 0          0          *001100100 0          1          0101       0101       00000      1          0          *001100100 1          0          *001010000 0          00         00         1          0          *001010000 0          00001      00001      0          000        0          000        000        1          0          00001      00001      0          0          1          0          00001      00001      0          0          1          0          0          1          0          0          1          0          0          00001      0          0          0          1          0          0          0          1          1          0          1          1          1          1          0          1          1          00001011   1          0          0          00001      00001      1          0          0          00000      0          1          0          0          1          00001      00001      0          0          00000      0         
470000     0          0          0          000110     010        0          11         0          01111000   0          0          1          0          0          0          0          1          00001      0          00001      0          0          1          00000      0          0          00000      0          0          0          0          0          000110     010        0          11         0          01111000   0          0          1          0          0          0          0          1          *000000000 0          0          *001100100 1          0          *001010000 0          00001      00001      0          0          1          1          00001011   0          0          0          0          00001011   000110     010        0          11         0          01111000   *000000000 0          0          000        000        0          0          *000000000 0          0          *001100100 0          1          0101       0101       00000      0          0          *001100100 1          0          *001010000 0          00         00         0          0          *001010000 0          00001      00001      0          000        0          000        000        0          0          00001      00001      0          0          1          0          00001      00001      0          0          0          0          0          1          0          0          0          0          0          00001      0          0          0          0          0          0          0          1          0          0          1          1          1          0          0          1          1          00001011   0          0          0          00001      00001      1          0          0          00000      0          0          0          0          1          00001      00001      0          0          00000      0         
475000     1          0          0          000110     010        0          11         0          01111000   0          0          1          0          0          0          0          1          00001      0          00001      0          0          1          00000      0          0          00000      0          0          1          0          0          000110     010        0          11         0          01111000   0          0          1          0          0          0          0          1          *000000000 0          0          *001100100 1          0          *001010000 0          00001      00001      0          0          1          1          00001100   0          1          0          0          00001100   000110     010        0          11         0          01111000   *000000000 0          0          000        000        1          0          *000000000 0          0          *001100100 0          1          0101       0101       00000      1          0          *001100100 1          0          *001010000 0          00         00         1          0          *001010000 0          00001      00001      0          000        0          000        000        1          0          00001      00001      0          0          1          0          00001      00001      0          0          1          0          0          1          0          0          1          0          0          00001      0          0          0          1          0          0          0          1          1          0          1          1          1          1          0          1          1          00001100   1          0          0          00001      00001      1          0          0          00000      0          1          0          0          1          00001      00001      0          0          00000      0         
480000     0          0          1          101000     001        0          00         0          10001100   0          0          1          0          0          0          0          1          00001      0          00001      0          0          1          00000      0          0          00000      0          0          0          0          1          101000     001        0          00         0          10001100   0          0          1          0          0          0          0          1          *000000000 0          0          *001100100 1          0          *001010000 0          00001      00001      0          0          1          1          00001100   0          0          0          1          00001100   101000     001        0          00         0          10001100   *000000000 0          0          000        001        0          0          *000000000 0          0          *001100100 0          1          0101       0101       00000      0          0          *001100100 1          0          *001010000 0          00         00         0          0          *001010000 0          00001      00001      0          000        0          000        000        0          0          00001      00001      0          0          1          0          00001      00001      0          0          0          0          0          1          0          0          0          0          0          00001      0          0          0          0          0          0          0          1          0          0          1          1          1          0          0          1          1          00001100   0          0          0          00001      00001      1          0          0          00000      0          0          0          0          1          00001      00001      0          0          00000      0         
485000     1          0          1          101000     001        0          00         0          10001100   0          0          1          0          0          0          0          1          00001      0          00001      0          0          1          00000      0          0          00000      0          0          1          0          1          101000     001        0          00         0          10001100   0          0          1          0          0          0          0          1          *000000000 0          0          *001100100 1          0          *001010000 0          00001      00001      0          0          1          1          00001101   0          1          0          1          00001101   101000     001        0          00         0          10001100   *000000000 0          0          001        010        1          0          *000000000 0          0          *001100100 0          1          0101       0101       00000      1          0          *001100100 1          0          *001010000 0          00         00         1          0          *001010000 0          00001      00001      0          000        0          000        000        1          0          00001      00001      0          0          1          0          00001      00001      0          0          1          0          0          1          0          0          1          0          0          00001      0          0          0          1          0          0          0          1          1          0          1          1          1          1          0          1          1          00001101   1          0          0          00001      00001      1          0          0          00000      0          1          0          0          1          00001      00001      0          0          00000      0         
490000     0          0          0          101000     001        0          00         0          10001100   0          0          1          0          0          0          0          1          00001      0          00001      0          0          1          00000      0          0          00000      0          0          0          0          0          101000     001        0          00         0          10001100   0          0          1          0          0          0          0          1          *000000000 0          0          *001100100 1          0          *001010000 0          00001      00001      0          0          1          1          00001101   0          0          0          0          00001101   101000     001        0          00         0          10001100   *000000000 0          0          001        010        0          0          *000000000 0          0          *001100100 0          1          0101       0101       00000      0          0          *001100100 1          0          *001010000 0          00         00         0          0          *001010000 0          00001      00001      0          000        0          000        000        0          0          00001      00001      0          0          1          0          00001      00001      0          0          0          0          0          1          0          0          0          0          0          00001      0          0          0          0          0          0          0          1          0          0          1          1          1          0          0          1          1          00001101   0          0          0          00001      00001      1          0          0          00000      0          0          0          0          1          00001      00001      0          0          00000      0         
495000     1          0          0          101000     001        0          00         0          10001100   0          0          1          0          0          0          0          1          00001      0          00001      0          0          1          00000      0          0          00000      0          0          1          0          0          101000     001        0          00         0          10001100   0          0          1          0          0          0          0          1          *000000000 0          0          *001100100 1          0          *001010000 0          00001      00001      0          0          1          1          00001110   0          1          0          0          00001110   101000     001        0          00         0          10001100   *000000000 0          0          010        101        1          0          *000000000 0          0          *001100100 0          1          0101       0101       00000      1          0          *001100100 1          0          *001010000 0          00         00         1          0          *001010000 0          00001      00001      0          000        0          000        000        1          0          00001      00001      0          0          1          0          00001      00001      0          0          1          0          0          1          0          0          1          0          0          00001      0          0          0          1          0          0          0          1          1          0          1          1          1          1          0          1          1          00001110   1          0          0          00001      00001      1          0          0          00000      0          1          0          0          1          00001      00001      0          0          00000      0         
500000     0          0          0          101000     001        0          00         0          10001100   0          0          1          0          0          0          0          1          00001      0          00001      0          0          1          00000      0          0          00000      0          0          0          0          0          101000     001        0          00         0          10001100   0          0          1          0          0          0          0          1          *000000000 0          0          *001100100 1          0          *001010000 0          00001      00001      0          0          1          1          00001110   0          0          0          0          00001110   101000     001        0          00         0          10001100   *000000000 0          0          010        101        0          0          *000000000 0          0          *001100100 0          1          0101       0101       00000      0          0          *001100100 1          0          *001010000 0          00         00         0          0          *001010000 0          00001      00001      0          000        0          000        000        0          0          00001      00001      0          0          1          0          00001      00001      0          0          0          0          0          1          0          0          0          0          0          00001      0          0          0          0          0          0          0          1          0          0          1          1          1          0          0          1          1          00001110   0          0          0          00001      00001      1          0          0          00000      0          0          0          0          1          00001      00001      0          0          00000      0         
505000     1          0          0          101000     001        0          00         0          10001100   0          0          1          0          0          0          0          1          00001      0          00001      0          0          1          00000      0          0          00000      0          0          1          0          0          101000     001        0          00         0          10001100   0          0          1          0          0          0          0          1          *000000000 0          0          *001100100 1          0          *001010000 0          00001      00001      0          0          1          1          00001111   0          1          0          0          00001111   101000     001        0          00         0          10001100   *000000000 0          0          101        000        1          0          *000000000 0          0          *001100100 0          1          0101       0101       00000      1          0          *001100100 1          0          *001010000 0          00         00         1          0          *001010000 0          00001      00001      0          000        0          000        000        1          0          00001      00001      0          0          1          0          00001      00001      0          0          1          0          0          1          0          0          1          0          0          00001      0          0          0          1          0          0          0          1          1          0          1          1          1          1          0          1          1          00001111   1          0          0          00001      00001      1          0          0          00000      0          1          0          0          1          00001      00001      0          0          00000      0         
510000     0          0          0          101000     001        0          00         0          10001100   0          0          1          0          0          0          0          1          00001      0          00001      0          0          1          00000      0          0          00000      0          0          0          0          0          101000     001        0          00         0          10001100   0          0          1          0          0          0          0          1          *000000000 0          0          *001100100 1          0          *001010000 0          00001      00001      0          0          1          1          00001111   0          0          0          0          00001111   101000     001        0          00         0          10001100   *000000000 0          0          101        000        0          0          *000000000 0          0          *001100100 0          1          0101       0101       00000      0          0          *001100100 1          0          *001010000 0          00         00         0          0          *001010000 0          00001      00001      0          000        0          000        000        0          0          00001      00001      0          0          1          0          00001      00001      0          0          0          0          0          1          0          0          0          0          0          00001      0          0          0          0          0          0          0          1          0          0          1          1          1          0          0          1          1          00001111   0          0          0          00001      00001      1          0          0          00000      0          0          0          0          1          00001      00001      0          0          00000      0         
515000     1          0          0          101000     001        0          00         0          10001100   0          0          1          0          0          0          0          1          00001      0          00001      0          0          1          00000      0          0          00000      0          0          1          0          0          101000     001        0          00         0          10001100   0          0          1          0          0          0          0          1          *000000000 0          1          *001100100 1          0          *001010000 0          00001      00001      0          0          1          1          00010000   0          1          0          0          00010000   101000     001        0          00         0          10001100   *000000000 0          1          000        000        1          0          *000000000 0          0          *001100100 0          1          0101       0101       00000      1          0          *001100100 1          0          *001010000 0          00         00         1          0          *001010000 0          00001      00001      0          000        0          000        000        1          0          00001      00001      0          0          1          0          00001      00001      0          0          1          0          0          1          0          0          1          0          0          00001      0          0          0          1          0          0          0          1          1          0          1          1          1          1          0          1          1          00010000   1          0          0          00001      00001      1          0          0          00000      0          1          0          0          1          00001      00001      0          0          00000      0         
520000     0          0          0          101000     001        0          00         0          10001100   0          0          1          0          0          0          0          1          00001      0          00001      0          0          1          00000      0          0          00000      0          0          0          0          0          101000     001        0          00         0          10001100   0          0          1          0          0          0          0          1          *000000000 0          1          *001100100 1          0          *001010000 0          00001      00001      0          0          1          1          00010000   0          0          0          0          00010000   101000     001        0          00         0          10001100   *000000000 0          1          000        000        0          0          *000000000 0          0          *001100100 0          1          0101       0101       00000      0          0          *001100100 1          0          *001010000 0          00         00         0          0          *001010000 0          00001      00001      0          000        0          000        000        0          0          00001      00001      0          0          1          0          00001      00001      0          0          0          0          0          1          0          0          0          0          0          00001      0          0          0          0          0          0          0          1          0          0          1          1          1          0          0          1          1          00010000   0          0          0          00001      00001      1          0          0          00000      0          0          0          0          1          00001      00001      0          0          00000      0         
525000     1          0          0          101000     001        0          00         0          10001100   0          0          1          0          0          0          0          1          00001      0          00001      0          0          1          00000      0          0          00000      0          0          1          0          0          101000     001        0          00         0          10001100   0          0          1          0          0          0          0          1          *000000000 0          0          *001100100 1          0          *001010000 0          00001      00001      0          0          1          1          00010001   0          1          0          0          00010001   101000     001        0          00         0          10001100   *000000000 0          0          000        000        1          0          *000000000 0          0          *001100100 0          1          0101       0101       00000      1          0          *001100100 1          0          *001010000 0          00         00         1          0          *001010000 0          00001      00001      0          000        0          000        000        1          0          00001      00001      0          0          1          0          00001      00001      0          0          1          0          0          1          0          0          1          0          0          00001      0          0          0          1          0          0          0          1          1          0          1          1          1          1          0          1          1          00010001   1          0          0          00001      00001      1          0          0          00000      0          1          0          0          1          00001      00001      0          0          00000      0         
530000     0          0          0          101000     001        0          00         0          10001100   0          0          1          0          0          0          0          1          00001      0          00001      0          0          1          00000      0          0          00000      0          0          0          0          0          101000     001        0          00         0          10001100   0          0          1          0          0          0          0          1          *000000000 0          0          *001100100 1          0          *001010000 0          00001      00001      0          0          1          1          00010001   0          0          0          0          00010001   101000     001        0          00         0          10001100   *000000000 0          0          000        000        0          0          *000000000 0          0          *001100100 0          1          0101       0101       00000      0          0          *001100100 1          0          *001010000 0          00         00         0          0          *001010000 0          00001      00001      0          000        0          000        000        0          0          00001      00001      0          0          1          0          00001      00001      0          0          0          0          0          1          0          0          0          0          0          00001      0          0          0          0          0          0          0          1          0          0          1          1          1          0          0          1          1          00010001   0          0          0          00001      00001      1          0          0          00000      0          0          0          0          1          00001      00001      0          0          00000      0         
535000     1          0          0          101000     001        0          00         0          10001100   0          0          1          0          0          0          0          1          00001      0          00001      0          0          1          00000      0          0          00000      0          0          1          0          0          101000     001        0          00         0          10001100   0          0          1          0          0          0          0          1          *000000000 0          0          *001100100 1          0          *001010000 0          00001      00001      0          0          1          1          00010010   0          1          0          0          00010010   101000     001        0          00         0          10001100   *000000000 0          0          000        000        1          0          *000000000 0          0          *001100100 0          1          0101       0101       00000      1          0          *001100100 1          0          *001010000 0          00         00         1          0          *001010000 0          00001      00001      0          000        0          000        000        1          0          00001      00001      0          0          1          0          00001      00001      0          0          1          0          0          1          0          0          1          0          0          00001      0          0          0          1          0          0          0          1          1          0          1          1          1          1          0          1          1          00010010   1          0          0          00001      00001      1          0          0          00000      0          1          0          0          1          00001      00001      0          0          00000      0         
540000     0          0          0          101000     001        0          00         0          10001100   0          0          1          0          0          0          0          1          00001      0          00001      0          0          1          00000      0          0          00000      0          0          0          0          0          101000     001        0          00         0          10001100   0          0          1          0          0          0          0          1          *000000000 0          0          *001100100 1          0          *001010000 0          00001      00001      0          0          1          1          00010010   0          0          0          0          00010010   101000     001        0          00         0          10001100   *000000000 0          0          000        000        0          0          *000000000 0          0          *001100100 0          1          0101       0101       00000      0          0          *001100100 1          0          *001010000 0          00         00         0          0          *001010000 0          00001      00001      0          000        0          000        000        0          0          00001      00001      0          0          1          0          00001      00001      0          0          0          0          0          1          0          0          0          0          0          00001      0          0          0          0          0          0          0          1          0          0          1          1          1          0          0          1          1          00010010   0          0          0          00001      00001      1          0          0          00000      0          0          0          0          1          00001      00001      0          0          00000      0         
545000     1          0          0          101000     001        0          00         0          10001100   0          0          1          0          0          0          0          1          00001      0          00001      0          0          1          00000      0          0          00000      0          0          1          0          0          101000     001        0          00         0          10001100   0          0          1          0          0          0          0          1          *000000000 0          0          *001100100 1          0          *001010000 0          00001      00001      0          0          1          1          00010011   0          1          0          0          00010011   101000     001        0          00         0          10001100   *000000000 0          0          000        000        1          0          *000000000 0          0          *001100100 0          1          0101       0101       00000      1          0          *001100100 1          0          *001010000 0          00         00         1          0          *001010000 0          00001      00001      0          000        0          000        000        1          0          00001      00001      0          0          1          0          00001      00001      0          0          1          0          0          1          0          0          1          0          0          00001      0          0          0          1          0          0          0          1          1          0          1          1          1          1          0          1          1          00010011   1          0          0          00001      00001      1          0          0          00000      0          1          0          0          1          00001      00001      0          0          00000      0         
550000     0          0          0          101000     001        0          00         0          10001100   0          0          1          0          0          0          0          1          00001      0          00001      0          0          1          00000      0          0          00000      0          0          0          0          0          101000     001        0          00         0          10001100   0          0          1          0          0          0          0          1          *000000000 0          0          *001100100 1          0          *001010000 0          00001      00001      0          0          1          1          00010011   0          0          0          0          00010011   101000     001        0          00         0          10001100   *000000000 0          0          000        000        0          0          *000000000 0          0          *001100100 0          1          0101       0101       00000      0          0          *001100100 1          0          *001010000 0          00         00         0          0          *001010000 0          00001      00001      0          000        0          000        000        0          0          00001      00001      0          0          1          0          00001      00001      0          0          0          0          0          1          0          0          0          0          0          00001      0          0          0          0          0          0          0          1          0          0          1          1          1          0          0          1          1          00010011   0          0          0          00001      00001      1          0          0          00000      0          0          0          0          1          00001      00001      0          0          00000      0         
555000     1          0          0          101000     001        0          00         0          10001100   0          0          1          0          0          0          0          1          00001      0          00001      0          0          1          00000      0          0          00000      0          0          1          0          0          101000     001        0          00         0          10001100   0          0          1          0          0          0          0          1          *000000000 0          0          *001100100 1          0          *001010000 0          00001      00001      0          0          1          1          00010100   0          1          0          0          00010100   101000     001        0          00         0          10001100   *000000000 0          0          000        000        1          0          *000000000 0          0          *001100100 0          1          0101       0101       00000      1          0          *001100100 1          0          *001010000 0          00         00         1          0          *001010000 0          00001      00001      0          000        0          000        000        1          0          00001      00001      0          0          1          0          00001      00001      0          0          1          0          0          1          0          0          1          0          0          00001      0          0          0          1          0          0          0          1          1          0          1          1          1          1          0          1          1          00010100   1          0          0          00001      00001      1          0          0          00000      0          1          0          0          1          00001      00001      0          0          00000      0         
560000     0          0          0          101000     001        0          00         0          10001100   0          0          1          0          0          0          0          1          00001      0          00001      0          0          1          00000      0          0          00000      0          0          0          0          0          101000     001        0          00         0          10001100   0          0          1          0          0          0          0          1          *000000000 0          0          *001100100 1          0          *001010000 0          00001      00001      0          0          1          1          00010100   0          0          0          0          00010100   101000     001        0          00         0          10001100   *000000000 0          0          000        000        0          0          *000000000 0          0          *001100100 0          1          0101       0101       00000      0          0          *001100100 1          0          *001010000 0          00         00         0          0          *001010000 0          00001      00001      0          000        0          000        000        0          0          00001      00001      0          0          1          0          00001      00001      0          0          0          0          0          1          0          0          0          0          0          00001      0          0          0          0          0          0          0          1          0          0          1          1          1          0          0          1          1          00010100   0          0          0          00001      00001      1          0          0          00000      0          0          0          0          1          00001      00001      0          0          00000      0         
565000     1          0          0          101000     001        0          00         0          10001100   0          0          1          0          0          0          0          1          00001      0          00001      0          0          1          00000      0          0          00000      0          0          1          0          0          101000     001        0          00         0          10001100   0          0          1          0          0          0          0          1          *000000000 0          0          *001100100 1          0          *001010000 0          00001      00001      0          0          1          1          00010101   0          1          0          0          00010101   101000     001        0          00         0          10001100   *000000000 0          0          000        000        1          0          *000000000 0          0          *001100100 0          1          0101       0101       00000      1          0          *001100100 1          0          *001010000 0          00         00         1          0          *001010000 0          00001      00001      0          000        0          000        000        1          0          00001      00001      0          0          1          0          00001      00001      0          0          1          0          0          1          0          0          1          0          0          00001      0          0          0          1          0          0          0          1          1          0          1          1          1          1          0          1          1          00010101   1          0          0          00001      00001      1          0          0          00000      0          1          0          0          1          00001      00001      0          0          00000      0         
570000     0          0          0          101000     001        0          00         0          10001100   0          0          1          0          0          0          0          1          00001      0          00001      0          0          1          00000      0          0          00000      0          0          0          0          0          101000     001        0          00         0          10001100   0          0          1          0          0          0          0          1          *000000000 0          0          *001100100 1          0          *001010000 0          00001      00001      0          0          1          1          00010101   0          0          0          0          00010101   101000     001        0          00         0          10001100   *000000000 0          0          000        000        0          0          *000000000 0          0          *001100100 0          1          0101       0101       00000      0          0          *001100100 1          0          *001010000 0          00         00         0          0          *001010000 0          00001      00001      0          000        0          000        000        0          0          00001      00001      0          0          1          0          00001      00001      0          0          0          0          0          1          0          0          0          0          0          00001      0          0          0          0          0          0          0          1          0          0          1          1          1          0          0          1          1          00010101   0          0          0          00001      00001      1          0          0          00000      0          0          0          0          1          00001      00001      0          0          00000      0         
575000     1          0          0          101000     001        0          00         0          10001100   0          0          1          0          0          0          0          1          00001      0          00001      0          0          1          00000      0          0          00000      0          0          1          0          0          101000     001        0          00         0          10001100   0          0          1          0          0          0          0          1          *000000000 0          0          *001100100 1          0          *001010000 0          00001      00001      0          0          1          1          00010110   0          1          0          0          00010110   101000     001        0          00         0          10001100   *000000000 0          0          000        000        1          0          *000000000 0          0          *001100100 0          1          0101       0101       00000      1          0          *001100100 1          0          *001010000 0          00         00         1          0          *001010000 0          00001      00001      0          000        0          000        000        1          0          00001      00001      0          0          1          0          00001      00001      0          0          1          0          0          1          0          0          1          0          0          00001      0          0          0          1          0          0          0          1          1          0          1          1          1          1          0          1          1          00010110   1          0          0          00001      00001      1          0          0          00000      0          1          0          0          1          00001      00001      0          0          00000      0         
580000     0          0          0          101000     001        0          00         0          10001100   0          0          1          0          0          0          0          1          00001      0          00001      0          0          1          00000      0          0          00000      0          0          0          0          0          101000     001        0          00         0          10001100   0          0          1          0          0          0          0          1          *000000000 0          0          *001100100 1          0          *001010000 0          00001      00001      0          0          1          1          00010110   0          0          0          0          00010110   101000     001        0          00         0          10001100   *000000000 0          0          000        000        0          0          *000000000 0          0          *001100100 0          1          0101       0101       00000      0          0          *001100100 1          0          *001010000 0          00         00         0          0          *001010000 0          00001      00001      0          000        0          000        000        0          0          00001      00001      0          0          1          0          00001      00001      0          0          0          0          0          1          0          0          0          0          0          00001      0          0          0          0          0          0          0          1          0          0          1          1          1          0          0          1          1          00010110   0          0          0          00001      00001      1          0          0          00000      0          0          0          0          1          00001      00001      0          0          00000      0         
585000     1          0          0          101000     001        0          00         0          10001100   0          0          1          0          0          0          0          1          00001      0          00001      0          0          1          00000      0          0          00000      0          0          1          0          0          101000     001        0          00         0          10001100   0          0          1          0          0          0          0          1          *000000000 0          0          *001100100 1          0          *001010000 0          00001      00001      0          0          1          1          00010111   0          1          0          0          00010111   101000     001        0          00         0          10001100   *000000000 0          0          000        000        1          0          *000000000 0          0          *001100100 0          1          0101       0101       00000      1          0          *001100100 1          0          *001010000 0          00         00         1          0          *001010000 0          00001      00001      0          000        0          000        000        1          0          00001      00001      0          0          1          0          00001      00001      0          0          1          0          0          1          0          0          1          0          0          00001      0          0          0          1          0          0          0          1          1          0          1          1          1          1          0          1          1          00010111   1          0          0          00001      00001      1          0          0          00000      0          1          0          0          1          00001      00001      0          0          00000      0         
590000     0          0          1          000111     010        1          01         0          10100000   1          0          1          0          0          0          0          1          00001      0          00001      0          0          1          00000      0          0          00000      0          0          0          0          1          000111     010        1          01         0          10100000   1          0          1          0          0          0          0          1          *000000000 0          0          *001100100 1          0          *001010000 0          00001      00001      0          0          1          1          00010111   0          0          0          1          00010111   000111     010        1          01         0          10100000   *000000000 0          0          000        001        0          0          *000000000 0          0          *001100100 0          1          0101       0101       00000      0          0          *001100100 1          0          *001010000 0          00         00         0          0          *001010000 0          00001      00001      0          000        0          000        000        0          0          00001      00001      0          1          1          0          00001      00001      0          0          0          0          0          1          0          0          0          0          0          00001      0          0          0          0          0          0          0          1          0          0          1          1          1          0          0          1          1          00010111   0          0          0          00001      00001      1          1          0          00000      0          0          0          0          1          00001      00001      0          0          00000      0         
595000     1          0          1          000111     010        1          01         0          10100000   1          0          1          0          0          0          0          1          00001      0          00001      0          0          1          00000      0          0          00000      0          0          1          0          1          000111     010        1          01         0          10100000   1          0          1          0          0          0          0          1          *000000000 0          0          *001100100 1          0          *001010000 0          00001      00001      0          0          1          1          00011000   0          1          0          1          00011000   000111     010        1          01         0          10100000   *000000000 0          0          001        010        1          0          *000000000 0          0          *001100100 0          1          0101       0101       00000      1          0          *001100100 1          0          *001010000 0          00         00         1          0          *001010000 0          00001      00001      0          000        0          000        000        1          0          00001      00001      0          1          1          0          00001      00001      0          0          1          0          0          1          0          0          1          0          0          00001      0          0          0          1          0          0          0          1          1          0          1          1          1          1          0          1          1          00011000   1          0          0          00001      00001      1          1          0          00000      0          1          0          0          1          00001      00001      0          0          00000      0         
600000     0          0          0          000111     010        1          01         0          10100000   1          0          1          0          0          0          0          1          00001      0          00001      0          0          1          00000      0          0          00000      0          0          0          0          0          000111     010        1          01         0          10100000   1          0          1          0          0          0          0          1          *000000000 0          0          *001100100 1          0          *001010000 0          00001      00001      0          0          1          1          00011000   0          0          0          0          00011000   000111     010        1          01         0          10100000   *000000000 0          0          001        010        0          0          *000000000 0          0          *001100100 0          1          0101       0101       00000      0          0          *001100100 1          0          *001010000 0          00         00         0          0          *001010000 0          00001      00001      0          000        0          000        000        0          0          00001      00001      0          1          1          0          00001      00001      0          0          0          0          0          1          0          0          0          0          0          00001      0          0          0          0          0          0          0          1          0          0          1          1          1          0          0          1          1          00011000   0          0          0          00001      00001      1          1          0          00000      0          0          0          0          1          00001      00001      0          0          00000      0         
605000     1          0          0          000111     010        1          01         0          10100000   1          0          1          0          0          0          0          1          00001      0          00001      0          0          1          00000      0          0          00000      0          0          1          0          0          000111     010        1          01         0          10100000   1          0          1          0          0          0          0          1          *000000000 0          0          *001100100 1          0          *001010000 0          00001      00001      0          0          1          1          00011001   0          1          0          0          00011001   000111     010        1          01         0          10100000   *000000000 0          0          010        101        1          0          *000000000 0          0          *001100100 0          1          0101       0101       00000      1          0          *001100100 1          0          *001010000 0          00         00         1          0          *001010000 0          00001      00001      0          000        0          000        000        1          0          00001      00001      0          1          1          0          00001      00001      0          0          1          0          0          1          0          0          1          0          0          00001      0          0          0          1          0          0          0          1          1          0          1          1          1          1          0          1          1          00011001   1          0          0          00001      00001      1          1          0          00000      0          1          0          0          1          00001      00001      0          0          00000      0         
610000     0          0          0          000111     010        1          01         0          10100000   1          0          1          0          0          0          0          1          00001      0          00001      0          0          1          00000      0          0          00000      0          0          0          0          0          000111     010        1          01         0          10100000   1          0          1          0          0          0          0          1          *000000000 0          0          *001100100 1          0          *001010000 0          00001      00001      0          0          1          1          00011001   0          0          0          0          00011001   000111     010        1          01         0          10100000   *000000000 0          0          010        101        0          0          *000000000 0          0          *001100100 0          1          0101       0101       00000      0          0          *001100100 1          0          *001010000 0          00         00         0          0          *001010000 0          00001      00001      0          000        0          000        000        0          0          00001      00001      0          1          1          0          00001      00001      0          0          0          0          0          1          0          0          0          0          0          00001      0          0          0          0          0          0          0          1          0          0          1          1          1          0          0          1          1          00011001   0          0          0          00001      00001      1          1          0          00000      0          0          0          0          1          00001      00001      0          0          00000      0         
615000     1          0          0          000111     010        1          01         0          10100000   1          0          1          0          0          0          0          1          00001      0          00001      0          0          1          00000      0          0          00000      0          0          1          0          0          000111     010        1          01         0          10100000   1          0          1          0          0          0          0          1          *000000000 0          0          *001100100 1          0          *001010000 0          00001      00001      0          0          1          1          00011010   0          1          0          0          00011010   000111     010        1          01         0          10100000   *000000000 0          0          101        000        1          0          *000000000 0          0          *001100100 0          1          0101       0101       00000      1          0          *001100100 1          0          *001010000 0          00         00         1          0          *001010000 0          00001      00001      0          000        0          000        000        1          0          00001      00001      0          1          1          0          00001      00001      0          0          1          0          0          1          0          0          1          0          0          00001      0          0          0          1          0          0          0          1          1          0          1          1          1          1          0          1          1          00011010   1          0          0          00001      00001      1          1          0          00000      0          1          0          0          1          00001      00001      0          0          00000      0         
620000     0          0          0          000111     010        1          01         0          10100000   1          0          1          0          0          0          0          1          00001      0          00001      0          0          1          00000      0          0          00000      0          0          0          0          0          000111     010        1          01         0          10100000   1          0          1          0          0          0          0          1          *000000000 0          0          *001100100 1          0          *001010000 0          00001      00001      0          0          1          1          00011010   0          0          0          0          00011010   000111     010        1          01         0          10100000   *000000000 0          0          101        000        0          0          *000000000 0          0          *001100100 0          1          0101       0101       00000      0          0          *001100100 1          0          *001010000 0          00         00         0          0          *001010000 0          00001      00001      0          000        0          000        000        0          0          00001      00001      0          1          1          0          00001      00001      0          0          0          0          0          1          0          0          0          0          0          00001      0          0          0          0          0          0          0          1          0          0          1          1          1          0          0          1          1          00011010   0          0          0          00001      00001      1          1          0          00000      0          0          0          0          1          00001      00001      0          0          00000      0         
625000     1          0          0          000111     010        1          01         0          10100000   1          0          1          0          0          0          0          1          00001      0          00001      0          0          1          00000      0          0          00000      0          0          1          0          0          000111     010        1          01         0          10100000   1          0          1          0          0          0          0          1          *000000000 0          1          *001100100 1          0          *001010000 0          00001      00001      0          0          1          1          00011011   0          1          0          0          00011011   000111     010        1          01         0          10100000   *000000000 0          1          000        000        1          0          *000000000 0          0          *001100100 0          1          0101       0101       00000      1          0          *001100100 1          0          *001010000 0          00         00         1          0          *001010000 0          00001      00001      0          000        0          000        000        1          0          00001      00001      0          1          1          0          00001      00001      0          0          1          0          0          1          0          0          1          0          0          00001      0          0          0          1          0          0          0          1          1          0          1          1          1          1          0          1          1          00011011   1          0          0          00001      00001      1          1          0          00000      0          1          0          0          1          00001      00001      0          0          00000      0         
630000     0          0          0          000111     010        1          01         0          10100000   1          0          1          0          0          0          0          1          00001      0          00001      0          0          1          00000      0          0          00000      0          0          0          0          0          000111     010        1          01         0          10100000   1          0          1          0          0          0          0          1          *000000000 0          1          *001100100 1          0          *001010000 0          00001      00001      0          0          1          1          00011011   0          0          0          0          00011011   000111     010        1          01         0          10100000   *000000000 0          1          000        000        0          0          *000000000 0          0          *001100100 0          1          0101       0101       00000      0          0          *001100100 1          0          *001010000 0          00         00         0          0          *001010000 0          00001      00001      0          000        0          000        000        0          0          00001      00001      0          1          1          0          00001      00001      0          0          0          0          0          1          0          0          0          0          0          00001      0          0          0          0          0          0          0          1          0          0          1          1          1          0          0          1          1          00011011   0          0          0          00001      00001      1          1          0          00000      0          0          0          0          1          00001      00001      0          0          00000      0         
635000     1          0          0          000111     010        1          01         0          10100000   1          0          1          0          0          0          0          1          00001      0          00001      0          0          1          00000      0          0          00000      0          0          1          0          0          000111     010        1          01         0          10100000   1          0          1          0          0          0          0          1          *000000000 0          0          *001100100 1          0          *001010000 0          00001      00001      0          0          1          1          00011100   0          1          0          0          00011100   000111     010        1          01         0          10100000   *000000000 0          0          000        000        1          0          *000000000 0          0          *001100100 0          1          0101       0101       00000      1          0          *001100100 1          0          *001010000 0          00         00         1          0          *001010000 0          00001      00001      0          000        0          000        000        1          0          00001      00001      0          1          1          0          00001      00001      0          0          1          0          0          1          0          0          1          0          0          00001      0          0          0          1          0          0          0          1          1          0          1          1          1          1          0          1          1          00011100   1          0          0          00001      00001      1          1          0          00000      0          1          0          0          1          00001      00001      0          0          00000      0         
640000     0          0          0          000111     010        1          01         0          10100000   1          0          1          0          0          0          0          1          00001      0          00001      0          0          1          00000      0          0          00000      0          0          0          0          0          000111     010        1          01         0          10100000   1          0          1          0          0          0          0          1          *000000000 0          0          *001100100 1          0          *001010000 0          00001      00001      0          0          1          1          00011100   0          0          0          0          00011100   000111     010        1          01         0          10100000   *000000000 0          0          000        000        0          0          *000000000 0          0          *001100100 0          1          0101       0101       00000      0          0          *001100100 1          0          *001010000 0          00         00         0          0          *001010000 0          00001      00001      0          000        0          000        000        0          0          00001      00001      0          1          1          0          00001      00001      0          0          0          0          0          1          0          0          0          0          0          00001      0          0          0          0          0          0          0          1          0          0          1          1          1          0          0          1          1          00011100   0          0          0          00001      00001      1          1          0          00000      0          0          0          0          1          00001      00001      0          0          00000      0         
645000     1          0          0          000111     010        1          01         0          10100000   1          0          1          0          0          0          0          1          00001      0          00001      0          0          1          00000      0          0          00000      0          0          1          0          0          000111     010        1          01         0          10100000   1          0          1          0          0          0          0          1          *000000000 0          0          *001100100 1          0          *001010000 0          00001      00001      0          0          1          1          00011101   0          1          0          0          00011101   000111     010        1          01         0          10100000   *000000000 0          0          000        000        1          0          *000000000 0          0          *001100100 0          1          0101       0101       00000      1          0          *001100100 1          0          *001010000 0          00         00         1          0          *001010000 0          00001      00001      0          000        0          000        000        1          0          00001      00001      0          1          1          0          00001      00001      0          0          1          0          0          1          0          0          1          0          0          00001      0          0          0          1          0          0          0          1          1          0          1          1          1          1          0          1          1          00011101   1          0          0          00001      00001      1          1          0          00000      0          1          0          0          1          00001      00001      0          0          00000      0         
650000     0          0          0          000111     010        1          01         0          10100000   0          0          1          0          0          0          0          1          00001      0          00001      0          0          1          00000      0          0          00000      0          0          0          0          0          000111     010        1          01         0          10100000   0          0          1          0          0          0          0          1          *000000000 0          0          *001100100 1          0          *001010000 0          00001      00001      0          0          1          1          00011101   0          0          0          0          00011101   000111     010        1          01         0          10100000   *000000000 0          0          000        000        0          0          *000000000 0          0          *001100100 0          1          0101       0101       00000      0          0          *001100100 1          0          *001010000 0          00         00         0          0          *001010000 0          00001      00001      0          000        0          000        000        0          0          00001      00001      0          0          1          0          00001      00001      0          0          0          0          0          1          0          0          0          0          0          00001      0          0          0          0          0          0          0          1          0          0          1          1          1          0          0          1          1          00011101   0          0          0          00001      00001      1          0          0          00000      0          0          0          0          1          00001      00001      0          0          00000      0         
655000     1          0          0          000111     010        1          01         0          10100000   0          0          1          0          0          0          0          1          00001      0          00001      0          0          1          00000      0          0          00000      0          0          1          0          0          000111     010        1          01         0          10100000   0          0          1          0          0          0          0          1          *000000000 0          0          *001100100 1          0          *001010000 0          00001      00001      0          0          1          1          00011110   0          1          0          0          00011110   000111     010        1          01         0          10100000   *000000000 0          0          000        000        1          0          *000000000 0          0          *001100100 0          1          0101       0101       00000      1          0          *001100100 1          0          *001010000 0          00         00         1          0          *001010000 0          00001      00001      0          000        0          000        000        1          0          00001      00001      0          0          1          0          00001      00001      0          0          1          0          0          1          0          0          1          0          0          00001      0          0          0          1          0          0          0          1          1          0          1          1          1          1          0          1          1          00011110   1          0          0          00001      00001      1          0          0          00000      0          1          0          0          1          00001      00001      0          0          00000      0         
660000     0          0          0          000111     010        1          01         0          10100000   0          0          1          0          0          0          0          1          00001      0          00001      0          0          1          00000      0          0          00000      0          0          0          0          0          000111     010        1          01         0          10100000   0          0          1          0          0          0          0          1          *000000000 0          0          *001100100 1          0          *001010000 0          00001      00001      0          0          1          1          00011110   0          0          0          0          00011110   000111     010        1          01         0          10100000   *000000000 0          0          000        000        0          0          *000000000 0          0          *001100100 0          1          0101       0101       00000      0          0          *001100100 1          0          *001010000 0          00         00         0          0          *001010000 0          00001      00001      0          000        0          000        000        0          0          00001      00001      0          0          1          0          00001      00001      0          0          0          0          0          1          0          0          0          0          0          00001      0          0          0          0          0          0          0          1          0          0          1          1          1          0          0          1          1          00011110   0          0          0          00001      00001      1          0          0          00000      0          0          0          0          1          00001      00001      0          0          00000      0         
665000     1          0          0          000111     010        1          01         0          10100000   0          0          1          0          0          0          0          1          00001      0          00001      0          0          1          00000      0          0          00000      0          0          1          0          0          000111     010        1          01         0          10100000   0          0          1          0          0          0          0          1          *000000000 0          0          *001100100 1          0          *001010000 0          00001      00001      0          0          1          1          00011111   0          1          0          0          00011111   000111     010        1          01         0          10100000   *000000000 0          0          000        000        1          0          *000000000 0          0          *001100100 0          1          0101       0101       00000      1          0          *001100100 1          0          *001010000 0          00         00         1          0          *001010000 0          00001      00001      0          000        0          000        000        1          0          00001      00001      0          0          1          0          00001      00001      0          0          1          0          0          1          0          0          1          0          0          00001      0          0          0          1          0          0          0          1          1          0          1          1          1          1          0          1          1          00011111   1          0          0          00001      00001      1          0          0          00000      0          1          0          0          1          00001      00001      0          0          00000      0         
670000     0          0          0          000111     010        1          01         0          10100000   0          0          1          0          0          0          0          1          00001      0          00001      0          0          1          00000      0          0          00000      0          0          0          0          0          000111     010        1          01         0          10100000   0          0          1          0          0          0          0          1          *000000000 0          0          *001100100 1          0          *001010000 0          00001      00001      0          0          1          1          00011111   0          0          0          0          00011111   000111     010        1          01         0          10100000   *000000000 0          0          000        000        0          0          *000000000 0          0          *001100100 0          1          0101       0101       00000      0          0          *001100100 1          0          *001010000 0          00         00         0          0          *001010000 0          00001      00001      0          000        0          000        000        0          0          00001      00001      0          0          1          0          00001      00001      0          0          0          0          0          1          0          0          0          0          0          00001      0          0          0          0          0          0          0          1          0          0          1          1          1          0          0          1          1          00011111   0          0          0          00001      00001      1          0          0          00000      0          0          0          0          1          00001      00001      0          0          00000      0         
675000     1          0          0          000111     010        1          01         0          10100000   0          0          1          0          0          0          0          1          00001      0          00001      0          0          1          00000      0          0          00000      0          0          1          0          0          000111     010        1          01         0          10100000   0          0          1          0          0          0          0          1          *000000000 0          0          *001100100 1          0          *001010000 0          00001      00001      0          0          1          1          00100000   0          1          0          0          00100000   000111     010        1          01         0          10100000   *000000000 0          0          000        000        1          0          *000000000 0          0          *001100100 0          1          0101       0101       00000      1          0          *001100100 1          0          *001010000 0          00         00         1          0          *001010000 0          00001      00001      0          000        0          000        000        1          0          00001      00001      0          0          1          0          00001      00001      0          0          1          0          0          1          0          0          1          0          0          00001      0          0          0          1          0          0          0          1          1          0          1          1          1          1          0          1          1          00100000   1          0          0          00001      00001      1          0          0          00000      0          1          0          0          1          00001      00001      0          0          00000      0         
680000     0          0          0          000111     010        1          01         0          10100000   0          0          1          0          0          0          0          1          00001      0          00001      0          0          1          00000      0          0          00000      0          0          0          0          0          000111     010        1          01         0          10100000   0          0          1          0          0          0          0          1          *000000000 0          0          *001100100 1          0          *001010000 0          00001      00001      0          0          1          1          00100000   0          0          0          0          00100000   000111     010        1          01         0          10100000   *000000000 0          0          000        000        0          0          *000000000 0          0          *001100100 0          1          0101       0101       00000      0          0          *001100100 1          0          *001010000 0          00         00         0          0          *001010000 0          00001      00001      0          000        0          000        000        0          0          00001      00001      0          0          1          0          00001      00001      0          0          0          0          0          1          0          0          0          0          0          00001      0          0          0          0          0          0          0          1          0          0          1          1          1          0          0          1          1          00100000   0          0          0          00001      00001      1          0          0          00000      0          0          0          0          1          00001      00001      0          0          00000      0         
685000     1          0          0          000111     010        1          01         0          10100000   0          0          1          0          0          0          0          1          00001      0          00001      0          0          1          00000      0          0          00000      0          0          1          0          0          000111     010        1          01         0          10100000   0          0          1          0          0          0          0          1          *000000000 0          0          *001100100 1          0          *001010000 0          00001      00001      0          0          1          1          00100001   0          1          0          0          00100001   000111     010        1          01         0          10100000   *000000000 0          0          000        000        1          0          *000000000 0          0          *001100100 0          1          0101       0101       00000      1          0          *001100100 1          0          *001010000 0          00         00         1          0          *001010000 0          00001      00001      0          000        0          000        000        1          0          00001      00001      0          0          1          0          00001      00001      0          0          1          0          0          1          0          0          1          0          0          00001      0          0          0          1          0          0          0          1          1          0          1          1          1          1          0          1          1          00100001   1          0          0          00001      00001      1          0          0          00000      0          1          0          0          1          00001      00001      0          0          00000      0         
690000     0          0          0          000111     010        1          01         0          10100000   0          0          1          0          0          0          0          1          00001      0          00001      0          0          1          00000      0          0          00000      0          0          0          0          0          000111     010        1          01         0          10100000   0          0          1          0          0          0          0          1          *000000000 0          0          *001100100 1          0          *001010000 0          00001      00001      0          0          1          1          00100001   0          0          0          0          00100001   000111     010        1          01         0          10100000   *000000000 0          0          000        000        0          0          *000000000 0          0          *001100100 0          1          0101       0101       00000      0          0          *001100100 1          0          *001010000 0          00         00         0          0          *001010000 0          00001      00001      0          000        0          000        000        0          0          00001      00001      0          0          1          0          00001      00001      0          0          0          0          0          1          0          0          0          0          0          00001      0          0          0          0          0          0          0          1          0          0          1          1          1          0          0          1          1          00100001   0          0          0          00001      00001      1          0          0          00000      0          0          0          0          1          00001      00001      0          0          00000      0         
695000     1          0          0          000111     010        1          01         0          10100000   0          0          1          0          0          0          0          1          00001      0          00001      0          0          1          00000      0          0          00000      0          0          1          0          0          000111     010        1          01         0          10100000   0          0          1          0          0          0          0          1          *000000000 0          0          *001100100 1          0          *001010000 0          00001      00001      0          0          1          1          00100010   0          1          0          0          00100010   000111     010        1          01         0          10100000   *000000000 0          0          000        000        1          0          *000000000 0          0          *001100100 0          1          0101       0101       00000      1          0          *001100100 1          0          *001010000 0          00         00         1          0          *001010000 0          00001      00001      0          000        0          000        000        1          0          00001      00001      0          0          1          0          00001      00001      0          0          1          0          0          1          0          0          1          0          0          00001      0          0          0          1          0          0          0          1          1          0          1          1          1          1          0          1          1          00100010   1          0          0          00001      00001      1          0          0          00000      0          1          0          0          1          00001      00001      0          0          00000      0         
700000     0          0          0          000111     010        1          01         0          10100000   0          0          1          0          0          0          0          1          00001      0          00001      0          0          1          00000      0          0          00000      0          0          0          0          0          000111     010        1          01         0          10100000   0          0          1          0          0          0          0          1          *000000000 0          0          *001100100 1          0          *001010000 0          00001      00001      0          0          1          1          00100010   0          0          0          0          00100010   000111     010        1          01         0          10100000   *000000000 0          0          000        000        0          0          *000000000 0          0          *001100100 0          1          0101       0101       00000      0          0          *001100100 1          0          *001010000 0          00         00         0          0          *001010000 0          00001      00001      0          000        0          000        000        0          0          00001      00001      0          0          1          0          00001      00001      0          0          0          0          0          1          0          0          0          0          0          00001      0          0          0          0          0          0          0          1          0          0          1          1          1          0          0          1          1          00100010   0          0          0          00001      00001      1          0          0          00000      0          0          0          0          1          00001      00001      0          0          00000      0         
705000     1          0          0          000111     010        1          01         0          10100000   0          0          1          0          0          0          0          1          00001      0          00001      0          0          1          00000      0          0          00000      0          0          1          0          0          000111     010        1          01         0          10100000   0          0          1          0          0          0          0          1          *000000000 0          0          *001100100 1          0          *001010000 0          00001      00001      0          0          1          1          00100011   0          1          0          0          00100011   000111     010        1          01         0          10100000   *000000000 0          0          000        000        1          0          *000000000 0          0          *001100100 0          1          0101       0101       00000      1          0          *001100100 1          0          *001010000 0          00         00         1          0          *001010000 0          00001      00001      0          000        0          000        000        1          0          00001      00001      0          0          1          0          00001      00001      0          0          1          0          0          1          0          0          1          0          0          00001      0          0          0          1          0          0          0          1          1          0          1          1          1          1          0          1          1          00100011   1          0          0          00001      00001      1          0          0          00000      0          1          0          0          1          00001      00001      0          0          00000      0         
710000     0          0          1          001000     011        0          10         0          10110100   0          1          1          0          0          0          0          1          00001      0          00001      0          0          1          00000      0          0          00000      0          0          0          0          1          001000     011        0          10         0          10110100   0          1          1          0          0          0          0          1          *000000000 0          0          *001100100 1          0          *001010000 0          00001      00001      0          0          1          1          00100011   0          0          0          1          00100011   001000     011        0          10         0          10110100   *000000000 0          0          000        001        0          0          *000000000 0          0          *001100100 0          1          0101       0101       00000      0          0          *001100100 1          0          *001010000 0          00         00         0          0          *001010000 0          00001      00001      0          000        0          000        000        0          0          00001      00001      0          0          1          1          00001      00001      0          0          0          0          0          1          0          0          0          0          0          00001      0          0          0          0          0          0          0          1          0          0          1          1          1          0          0          1          1          00100011   0          0          0          00001      00001      1          0          0          00000      0          0          0          0          1          00001      00001      0          0          00000      0         
715000     1          0          1          001000     011        0          10         0          10110100   0          1          1          0          0          0          0          1          00001      0          00001      0          0          1          00000      0          0          00000      0          0          1          0          1          001000     011        0          10         0          10110100   0          1          1          0          0          0          0          1          *000000000 0          0          *001100100 1          0          *001010000 0          00001      00001      0          0          1          1          00100100   0          1          0          1          00100100   001000     011        0          10         0          10110100   *000000000 0          0          001        010        1          0          *000000000 0          0          *001100100 0          1          0101       0101       00000      1          0          *001100100 1          0          *001010000 0          00         00         1          0          *001010000 0          00001      00001      0          000        0          000        000        1          0          00001      00001      0          0          1          1          00001      00001      0          0          1          0          0          1          0          0          1          0          0          00001      0          0          0          1          0          0          0          1          1          0          1          1          1          1          0          1          1          00100100   1          0          0          00001      00001      1          0          0          00000      0          1          0          0          1          00001      00001      0          0          00000      0         
720000     0          0          0          001000     011        0          10         0          10110100   0          1          1          0          0          0          0          1          00001      0          00001      0          0          1          00000      0          0          00000      0          0          0          0          0          001000     011        0          10         0          10110100   0          1          1          0          0          0          0          1          *000000000 0          0          *001100100 1          0          *001010000 0          00001      00001      0          0          1          1          00100100   0          0          0          0          00100100   001000     011        0          10         0          10110100   *000000000 0          0          001        010        0          0          *000000000 0          0          *001100100 0          1          0101       0101       00000      0          0          *001100100 1          0          *001010000 0          00         00         0          0          *001010000 0          00001      00001      0          000        0          000        000        0          0          00001      00001      0          0          1          1          00001      00001      0          0          0          0          0          1          0          0          0          0          0          00001      0          0          0          0          0          0          0          1          0          0          1          1          1          0          0          1          1          00100100   0          0          0          00001      00001      1          0          0          00000      0          0          0          0          1          00001      00001      0          0          00000      0         
725000     1          0          0          001000     011        0          10         0          10110100   0          1          1          0          0          0          0          1          00001      0          00001      0          0          1          00000      0          0          00000      0          0          1          0          0          001000     011        0          10         0          10110100   0          1          1          0          0          0          0          1          *000000000 0          0          *001100100 1          0          *001010000 0          00001      00001      0          0          1          1          00100101   0          1          0          0          00100101   001000     011        0          10         0          10110100   *000000000 0          0          010        101        1          0          *000000000 0          0          *001100100 0          1          0101       0101       00000      1          0          *001100100 1          0          *001010000 0          00         00         1          0          *001010000 0          00001      00001      0          000        0          000        000        1          0          00001      00001      0          0          1          1          00001      00001      0          0          1          0          0          1          0          0          1          0          0          00001      0          0          0          1          0          0          0          1          1          0          1          1          1          1          0          1          1          00100101   1          0          0          00001      00001      1          0          0          00000      0          1          0          0          1          00001      00001      0          0          00000      0         
730000     0          0          0          001000     011        0          10         0          10110100   0          1          1          0          0          0          0          1          00001      0          00001      0          0          1          00000      0          0          00000      0          0          0          0          0          001000     011        0          10         0          10110100   0          1          1          0          0          0          0          1          *000000000 0          0          *001100100 1          0          *001010000 0          00001      00001      0          0          1          1          00100101   0          0          0          0          00100101   001000     011        0          10         0          10110100   *000000000 0          0          010        101        0          0          *000000000 0          0          *001100100 0          1          0101       0101       00000      0          0          *001100100 1          0          *001010000 0          00         00         0          0          *001010000 0          00001      00001      0          000        0          000        000        0          0          00001      00001      0          0          1          1          00001      00001      0          0          0          0          0          1          0          0          0          0          0          00001      0          0          0          0          0          0          0          1          0          0          1          1          1          0          0          1          1          00100101   0          0          0          00001      00001      1          0          0          00000      0          0          0          0          1          00001      00001      0          0          00000      0         
735000     1          0          0          001000     011        0          10         0          10110100   0          1          1          0          0          0          0          1          00001      0          00001      0          0          1          00000      0          0          00000      0          0          1          0          0          001000     011        0          10         0          10110100   0          1          1          0          0          0          0          1          *000000000 0          0          *001100100 1          0          *001010000 0          00001      00001      0          0          1          1          00100110   0          1          0          0          00100110   001000     011        0          10         0          10110100   *000000000 0          0          101        000        1          0          *000000000 0          0          *001100100 0          1          0101       0101       00000      1          0          *001100100 1          0          *001010000 0          00         00         1          0          *001010000 0          00001      00001      0          000        0          000        000        1          0          00001      00001      0          0          1          1          00001      00001      0          0          1          0          0          1          0          0          1          0          0          00001      0          0          0          1          0          0          0          1          1          0          1          1          1          1          0          1          1          00100110   1          0          0          00001      00001      1          0          0          00000      0          1          0          0          1          00001      00001      0          0          00000      0         
740000     0          0          0          001000     011        0          10         0          10110100   0          1          1          0          0          0          0          1          00001      0          00001      0          0          1          00000      0          0          00000      0          0          0          0          0          001000     011        0          10         0          10110100   0          1          1          0          0          0          0          1          *000000000 0          0          *001100100 1          0          *001010000 0          00001      00001      0          0          1          1          00100110   0          0          0          0          00100110   001000     011        0          10         0          10110100   *000000000 0          0          101        000        0          0          *000000000 0          0          *001100100 0          1          0101       0101       00000      0          0          *001100100 1          0          *001010000 0          00         00         0          0          *001010000 0          00001      00001      0          000        0          000        000        0          0          00001      00001      0          0          1          1          00001      00001      0          0          0          0          0          1          0          0          0          0          0          00001      0          0          0          0          0          0          0          1          0          0          1          1          1          0          0          1          1          00100110   0          0          0          00001      00001      1          0          0          00000      0          0          0          0          1          00001      00001      0          0          00000      0         
745000     1          0          0          001000     011        0          10         0          10110100   0          1          1          0          0          0          0          1          00001      0          00001      0          0          1          00000      0          0          00000      0          0          1          0          0          001000     011        0          10         0          10110100   0          1          1          0          0          0          0          1          *000000000 0          1          *001100100 1          0          *001010000 0          00001      00001      0          0          1          1          00100111   0          1          0          0          00100111   001000     011        0          10         0          10110100   *000000000 0          1          000        000        1          0          *000000000 0          0          *001100100 0          1          0101       0101       00000      1          0          *001100100 1          0          *001010000 0          00         00         1          0          *001010000 0          00001      00001      0          000        0          000        000        1          0          00001      00001      0          0          1          1          00001      00001      0          0          1          0          0          1          0          0          1          0          0          00001      0          0          0          1          0          0          0          1          1          0          1          1          1          1          0          1          1          00100111   1          0          0          00001      00001      1          0          0          00000      0          1          0          0          1          00001      00001      0          0          00000      0         
750000     0          0          0          001000     011        0          10         0          10110100   0          1          1          0          0          0          0          1          00001      0          00001      0          0          1          00000      0          0          00000      0          0          0          0          0          001000     011        0          10         0          10110100   0          1          1          0          0          0          0          1          *000000000 0          1          *001100100 1          0          *001010000 0          00001      00001      0          0          1          1          00100111   0          0          0          0          00100111   001000     011        0          10         0          10110100   *000000000 0          1          000        000        0          0          *000000000 0          0          *001100100 0          1          0101       0101       00000      0          0          *001100100 1          0          *001010000 0          00         00         0          0          *001010000 0          00001      00001      0          000        0          000        000        0          0          00001      00001      0          0          1          1          00001      00001      0          0          0          0          0          1          0          0          0          0          0          00001      0          0          0          0          0          0          0          1          0          0          1          1          1          0          0          1          1          00100111   0          0          0          00001      00001      1          0          0          00000      0          0          0          0          1          00001      00001      0          0          00000      0         
755000     1          0          0          001000     011        0          10         0          10110100   0          1          1          0          0          0          0          1          00001      0          00001      0          0          1          00000      0          0          00000      0          0          1          0          0          001000     011        0          10         0          10110100   0          1          1          0          0          0          0          1          *000000000 0          0          *001100100 1          0          *001010000 0          00001      00001      0          0          1          1          00101000   0          1          0          0          00101000   001000     011        0          10         0          10110100   *000000000 0          0          000        000        1          0          *000000000 0          0          *001100100 0          1          0101       0101       00000      1          0          *001100100 1          0          *001010000 0          00         00         1          0          *001010000 0          00001      00001      0          000        0          000        000        1          0          00001      00001      0          0          1          1          00001      00001      0          0          1          0          0          1          0          0          1          0          0          00001      0          0          0          1          0          0          0          1          1          0          1          1          1          1          0          1          1          00101000   1          0          0          00001      00001      1          0          0          00000      0          1          0          0          1          00001      00001      0          0          00000      0         
760000     0          0          0          001000     011        0          10         0          10110100   0          1          1          0          0          0          0          1          00001      0          00001      0          0          1          00000      0          0          00000      0          0          0          0          0          001000     011        0          10         0          10110100   0          1          1          0          0          0          0          1          *000000000 0          0          *001100100 1          0          *001010000 0          00001      00001      0          0          1          1          00101000   0          0          0          0          00101000   001000     011        0          10         0          10110100   *000000000 0          0          000        000        0          0          *000000000 0          0          *001100100 0          1          0101       0101       00000      0          0          *001100100 1          0          *001010000 0          00         00         0          0          *001010000 0          00001      00001      0          000        0          000        000        0          0          00001      00001      0          0          1          1          00001      00001      0          0          0          0          0          1          0          0          0          0          0          00001      0          0          0          0          0          0          0          1          0          0          1          1          1          0          0          1          1          00101000   0          0          0          00001      00001      1          0          0          00000      0          0          0          0          1          00001      00001      0          0          00000      0         
765000     1          0          0          001000     011        0          10         0          10110100   0          1          1          0          0          0          0          1          00001      0          00001      0          0          1          00000      0          0          00000      0          0          1          0          0          001000     011        0          10         0          10110100   0          1          1          0          0          0          0          1          *000000000 0          0          *001100100 1          0          *001010000 0          00001      00001      0          0          1          1          00101001   0          1          0          0          00101001   001000     011        0          10         0          10110100   *000000000 0          0          000        000        1          0          *000000000 0          0          *001100100 0          1          0101       0101       00000      1          0          *001100100 1          0          *001010000 0          00         00         1          0          *001010000 0          00001      00001      0          000        0          000        000        1          0          00001      00001      0          0          1          1          00001      00001      0          0          1          0          0          1          0          0          1          0          0          00001      0          0          0          1          0          0          0          1          1          0          1          1          1          1          0          1          1          00101001   1          0          0          00001      00001      1          0          0          00000      0          1          0          0          1          00001      00001      0          0          00000      0         
770000     0          0          0          001000     011        0          10         0          10110100   0          0          1          0          0          0          0          1          00001      0          00001      0          0          1          00000      0          0          00000      0          0          0          0          0          001000     011        0          10         0          10110100   0          0          1          0          0          0          0          1          *000000000 0          0          *001100100 1          0          *001010000 0          00001      00001      0          0          1          1          00101001   0          0          0          0          00101001   001000     011        0          10         0          10110100   *000000000 0          0          000        000        0          0          *000000000 0          0          *001100100 0          1          0101       0101       00000      0          0          *001100100 1          0          *001010000 0          00         00         0          0          *001010000 0          00001      00001      0          000        0          000        000        0          0          00001      00001      0          0          1          0          00001      00001      0          0          0          0          0          1          0          0          0          0          0          00001      0          0          0          0          0          0          0          1          0          0          1          1          1          0          0          1          1          00101001   0          0          0          00001      00001      1          0          0          00000      0          0          0          0          1          00001      00001      0          0          00000      0         
775000     1          0          0          001000     011        0          10         0          10110100   0          0          1          0          0          0          0          1          00001      0          00001      0          0          1          00000      0          0          00000      0          0          1          0          0          001000     011        0          10         0          10110100   0          0          1          0          0          0          0          1          *000000000 0          0          *001100100 1          0          *001010000 0          00001      00001      0          0          1          1          00101010   0          1          0          0          00101010   001000     011        0          10         0          10110100   *000000000 0          0          000        000        1          0          *000000000 0          0          *001100100 0          1          0101       0101       00000      1          0          *001100100 1          0          *001010000 0          00         00         1          0          *001010000 0          00001      00001      0          000        0          000        000        1          0          00001      00001      0          0          1          0          00001      00001      0          0          1          0          0          1          0          0          1          0          0          00001      0          0          0          1          0          0          0          1          1          0          1          1          1          1          0          1          1          00101010   1          0          0          00001      00001      1          0          0          00000      0          1          0          0          1          00001      00001      0          0          00000      0         
780000     0          0          0          001000     011        0          10         0          10110100   0          0          1          0          0          0          0          1          00001      0          00001      0          0          1          00000      0          0          00000      0          0          0          0          0          001000     011        0          10         0          10110100   0          0          1          0          0          0          0          1          *000000000 0          0          *001100100 1          0          *001010000 0          00001      00001      0          0          1          1          00101010   0          0          0          0          00101010   001000     011        0          10         0          10110100   *000000000 0          0          000        000        0          0          *000000000 0          0          *001100100 0          1          0101       0101       00000      0          0          *001100100 1          0          *001010000 0          00         00         0          0          *001010000 0          00001      00001      0          000        0          000        000        0          0          00001      00001      0          0          1          0          00001      00001      0          0          0          0          0          1          0          0          0          0          0          00001      0          0          0          0          0          0          0          1          0          0          1          1          1          0          0          1          1          00101010   0          0          0          00001      00001      1          0          0          00000      0          0          0          0          1          00001      00001      0          0          00000      0         
785000     1          0          0          001000     011        0          10         0          10110100   0          0          1          0          0          0          0          1          00001      0          00001      0          0          1          00000      0          0          00000      0          0          1          0          0          001000     011        0          10         0          10110100   0          0          1          0          0          0          0          1          *000000000 0          0          *001100100 1          0          *001010000 0          00001      00001      0          0          1          1          00101011   0          1          0          0          00101011   001000     011        0          10         0          10110100   *000000000 0          0          000        000        1          0          *000000000 0          0          *001100100 0          1          0101       0101       00000      1          0          *001100100 1          0          *001010000 0          00         00         1          0          *001010000 0          00001      00001      0          000        0          000        000        1          0          00001      00001      0          0          1          0          00001      00001      0          0          1          0          0          1          0          0          1          0          0          00001      0          0          0          1          0          0          0          1          1          0          1          1          1          1          0          1          1          00101011   1          0          0          00001      00001      1          0          0          00000      0          1          0          0          1          00001      00001      0          0          00000      0         
790000     0          0          0          001000     011        0          10         0          10110100   0          0          1          0          0          0          0          1          00001      0          00001      0          0          1          00000      0          0          00000      0          0          0          0          0          001000     011        0          10         0          10110100   0          0          1          0          0          0          0          1          *000000000 0          0          *001100100 1          0          *001010000 0          00001      00001      0          0          1          1          00101011   0          0          0          0          00101011   001000     011        0          10         0          10110100   *000000000 0          0          000        000        0          0          *000000000 0          0          *001100100 0          1          0101       0101       00000      0          0          *001100100 1          0          *001010000 0          00         00         0          0          *001010000 0          00001      00001      0          000        0          000        000        0          0          00001      00001      0          0          1          0          00001      00001      0          0          0          0          0          1          0          0          0          0          0          00001      0          0          0          0          0          0          0          1          0          0          1          1          1          0          0          1          1          00101011   0          0          0          00001      00001      1          0          0          00000      0          0          0          0          1          00001      00001      0          0          00000      0         
795000     1          0          0          001000     011        0          10         0          10110100   0          0          1          0          0          0          0          1          00001      0          00001      0          0          1          00000      0          0          00000      0          0          1          0          0          001000     011        0          10         0          10110100   0          0          1          0          0          0          0          1          *000000000 0          0          *001100100 1          0          *001010000 0          00001      00001      0          0          1          1          00101100   0          1          0          0          00101100   001000     011        0          10         0          10110100   *000000000 0          0          000        000        1          0          *000000000 0          0          *001100100 0          1          0101       0101       00000      1          0          *001100100 1          0          *001010000 0          00         00         1          0          *001010000 0          00001      00001      0          000        0          000        000        1          0          00001      00001      0          0          1          0          00001      00001      0          0          1          0          0          1          0          0          1          0          0          00001      0          0          0          1          0          0          0          1          1          0          1          1          1          1          0          1          1          00101100   1          0          0          00001      00001      1          0          0          00000      0          1          0          0          1          00001      00001      0          0          00000      0         
800000     0          0          0          001000     011        0          10         0          10110100   0          0          1          0          0          0          0          1          00001      0          00001      0          0          1          00000      0          0          00000      0          0          0          0          0          001000     011        0          10         0          10110100   0          0          1          0          0          0          0          1          *000000000 0          0          *001100100 1          0          *001010000 0          00001      00001      0          0          1          1          00101100   0          0          0          0          00101100   001000     011        0          10         0          10110100   *000000000 0          0          000        000        0          0          *000000000 0          0          *001100100 0          1          0101       0101       00000      0          0          *001100100 1          0          *001010000 0          00         00         0          0          *001010000 0          00001      00001      0          000        0          000        000        0          0          00001      00001      0          0          1          0          00001      00001      0          0          0          0          0          1          0          0          0          0          0          00001      0          0          0          0          0          0          0          1          0          0          1          1          1          0          0          1          1          00101100   0          0          0          00001      00001      1          0          0          00000      0          0          0          0          1          00001      00001      0          0          00000      0         
805000     1          0          0          001000     011        0          10         0          10110100   0          0          1          0          0          0          0          1          00001      0          00001      0          0          1          00000      0          0          00000      0          0          1          0          0          001000     011        0          10         0          10110100   0          0          1          0          0          0          0          1          *000000000 0          0          *001100100 1          0          *001010000 0          00001      00001      0          0          1          1          00101101   0          1          0          0          00101101   001000     011        0          10         0          10110100   *000000000 0          0          000        000        1          0          *000000000 0          0          *001100100 0          1          0101       0101       00000      1          0          *001100100 1          0          *001010000 0          00         00         1          0          *001010000 0          00001      00001      0          000        0          000        000        1          0          00001      00001      0          0          1          0          00001      00001      0          0          1          0          0          1          0          0          1          0          0          00001      0          0          0          1          0          0          0          1          1          0          1          1          1          1          0          1          1          00101101   1          0          0          00001      00001      1          0          0          00000      0          1          0          0          1          00001      00001      0          0          00000      0         
810000     0          0          0          001000     011        0          10         0          10110100   0          0          1          0          0          0          0          1          00001      0          00001      0          0          1          00000      0          0          00000      0          0          0          0          0          001000     011        0          10         0          10110100   0          0          1          0          0          0          0          1          *000000000 0          0          *001100100 1          0          *001010000 0          00001      00001      0          0          1          1          00101101   0          0          0          0          00101101   001000     011        0          10         0          10110100   *000000000 0          0          000        000        0          0          *000000000 0          0          *001100100 0          1          0101       0101       00000      0          0          *001100100 1          0          *001010000 0          00         00         0          0          *001010000 0          00001      00001      0          000        0          000        000        0          0          00001      00001      0          0          1          0          00001      00001      0          0          0          0          0          1          0          0          0          0          0          00001      0          0          0          0          0          0          0          1          0          0          1          1          1          0          0          1          1          00101101   0          0          0          00001      00001      1          0          0          00000      0          0          0          0          1          00001      00001      0          0          00000      0         
815000     1          0          0          001000     011        0          10         0          10110100   0          0          1          0          0          0          0          1          00001      0          00001      0          0          1          00000      0          0          00000      0          0          1          0          0          001000     011        0          10         0          10110100   0          0          1          0          0          0          0          1          *000000000 0          0          *001100100 1          0          *001010000 0          00001      00001      0          0          1          1          00101110   0          1          0          0          00101110   001000     011        0          10         0          10110100   *000000000 0          0          000        000        1          0          *000000000 0          0          *001100100 0          1          0101       0101       00000      1          0          *001100100 1          0          *001010000 0          00         00         1          0          *001010000 0          00001      00001      0          000        0          000        000        1          0          00001      00001      0          0          1          0          00001      00001      0          0          1          0          0          1          0          0          1          0          0          00001      0          0          0          1          0          0          0          1          1          0          1          1          1          1          0          1          1          00101110   1          0          0          00001      00001      1          0          0          00000      0          1          0          0          1          00001      00001      0          0          00000      0         
820000     0          0          0          001000     011        0          10         0          10110100   0          0          1          0          0          0          0          1          00001      0          00001      0          0          1          00000      0          0          00000      0          0          0          0          0          001000     011        0          10         0          10110100   0          0          1          0          0          0          0          1          *000000000 0          0          *001100100 1          0          *001010000 0          00001      00001      0          0          1          1          00101110   0          0          0          0          00101110   001000     011        0          10         0          10110100   *000000000 0          0          000        000        0          0          *000000000 0          0          *001100100 0          1          0101       0101       00000      0          0          *001100100 1          0          *001010000 0          00         00         0          0          *001010000 0          00001      00001      0          000        0          000        000        0          0          00001      00001      0          0          1          0          00001      00001      0          0          0          0          0          1          0          0          0          0          0          00001      0          0          0          0          0          0          0          1          0          0          1          1          1          0          0          1          1          00101110   0          0          0          00001      00001      1          0          0          00000      0          0          0          0          1          00001      00001      0          0          00000      0         
825000     1          0          0          001000     011        0          10         0          10110100   0          0          1          0          0          0          0          1          00001      0          00001      0          0          1          00000      0          0          00000      0          0          1          0          0          001000     011        0          10         0          10110100   0          0          1          0          0          0          0          1          *000000000 0          0          *001100100 1          0          *001010000 0          00001      00001      0          0          1          1          00101111   0          1          0          0          00101111   001000     011        0          10         0          10110100   *000000000 0          0          000        000        1          0          *000000000 0          0          *001100100 0          1          0101       0101       00000      1          0          *001100100 1          0          *001010000 0          00         00         1          0          *001010000 0          00001      00001      0          000        0          000        000        1          0          00001      00001      0          0          1          0          00001      00001      0          0          1          0          0          1          0          0          1          0          0          00001      0          0          0          1          0          0          0          1          1          0          1          1          1          1          0          1          1          00101111   1          0          0          00001      00001      1          0          0          00000      0          1          0          0          1          00001      00001      0          0          00000      0         
830000     0          0          1          001001     001        0          01         0          11001000   0          0          1          0          0          0          0          1          00001      0          00001      0          0          1          00000      0          0          00000      0          0          0          0          1          001001     001        0          01         0          11001000   0          0          1          0          0          0          0          1          *000000000 0          0          *001100100 1          0          *001010000 0          00001      00001      0          0          1          1          00101111   0          0          0          1          00101111   001001     001        0          01         0          11001000   *000000000 0          0          000        001        0          0          *000000000 0          0          *001100100 0          1          0101       0101       00000      0          0          *001100100 1          0          *001010000 0          00         00         0          0          *001010000 0          00001      00001      0          000        0          000        000        0          0          00001      00001      0          0          1          0          00001      00001      0          0          0          0          0          1          0          0          0          0          0          00001      0          0          0          0          0          0          0          1          0          0          1          1          1          0          0          1          1          00101111   0          0          0          00001      00001      1          0          0          00000      0          0          0          0          1          00001      00001      0          0          00000      0         
835000     1          0          1          001001     001        0          01         0          11001000   0          0          1          0          0          0          0          1          00001      0          00001      0          0          1          00000      0          0          00000      0          0          1          0          1          001001     001        0          01         0          11001000   0          0          1          0          0          0          0          1          *000000000 0          0          *001100100 1          0          *001010000 0          00001      00001      0          0          1          1          00110000   0          1          0          1          00110000   001001     001        0          01         0          11001000   *000000000 0          0          001        010        1          0          *000000000 0          0          *001100100 0          1          0101       0101       00000      1          0          *001100100 1          0          *001010000 0          00         00         1          0          *001010000 0          00001      00001      0          000        0          000        000        1          0          00001      00001      0          0          1          0          00001      00001      0          0          1          0          0          1          0          0          1          0          0          00001      0          0          0          1          0          0          0          1          1          0          1          1          1          1          0          1          1          00110000   1          0          0          00001      00001      1          0          0          00000      0          1          0          0          1          00001      00001      0          0          00000      0         
840000     0          0          0          001001     001        0          01         0          11001000   0          0          1          0          0          0          0          1          00001      0          00001      0          0          1          00000      0          0          00000      0          0          0          0          0          001001     001        0          01         0          11001000   0          0          1          0          0          0          0          1          *000000000 0          0          *001100100 1          0          *001010000 0          00001      00001      0          0          1          1          00110000   0          0          0          0          00110000   001001     001        0          01         0          11001000   *000000000 0          0          001        010        0          0          *000000000 0          0          *001100100 0          1          0101       0101       00000      0          0          *001100100 1          0          *001010000 0          00         00         0          0          *001010000 0          00001      00001      0          000        0          000        000        0          0          00001      00001      0          0          1          0          00001      00001      0          0          0          0          0          1          0          0          0          0          0          00001      0          0          0          0          0          0          0          1          0          0          1          1          1          0          0          1          1          00110000   0          0          0          00001      00001      1          0          0          00000      0          0          0          0          1          00001      00001      0          0          00000      0         
845000     1          0          0          001001     001        0          01         0          11001000   0          0          1          0          0          0          0          1          00001      0          00001      0          0          1          00000      0          0          00000      0          0          1          0          0          001001     001        0          01         0          11001000   0          0          1          0          0          0          0          1          *000000000 0          0          *001100100 1          0          *001010000 0          00001      00001      0          0          1          1          00110001   0          1          0          0          00110001   001001     001        0          01         0          11001000   *000000000 0          0          010        101        1          0          *000000000 0          0          *001100100 0          1          0101       0101       00000      1          0          *001100100 1          0          *001010000 0          00         00         1          0          *001010000 0          00001      00001      0          000        0          000        000        1          0          00001      00001      0          0          1          0          00001      00001      0          0          1          0          0          1          0          0          1          0          0          00001      0          0          0          1          0          0          0          1          1          0          1          1          1          1          0          1          1          00110001   1          0          0          00001      00001      1          0          0          00000      0          1          0          0          1          00001      00001      0          0          00000      0         
850000     0          0          1          001010     100        1          10         0          11010010   0          0          1          0          0          0          0          1          00001      0          00001      0          0          1          00000      0          0          00000      0          0          0          0          1          001010     100        1          10         0          11010010   0          0          1          0          0          0          0          1          *000000000 0          0          *001100100 1          0          *001010000 0          00001      00001      0          0          1          1          00110001   0          0          0          1          00110001   001010     100        1          10         0          11010010   *000000000 0          0          010        101        0          0          *000000000 0          0          *001100100 0          1          0101       0101       00000      0          0          *001100100 1          0          *001010000 0          00         00         0          0          *001010000 0          00001      00001      0          000        0          000        000        0          0          00001      00001      0          0          1          0          00001      00001      0          0          0          0          0          1          0          0          0          0          0          00001      0          0          0          0          0          0          0          1          0          0          1          1          1          0          0          1          1          00110001   0          0          0          00001      00001      1          0          0          00000      0          0          0          0          1          00001      00001      0          0          00000      0         
855000     1          0          1          001010     100        1          10         0          11010010   0          0          1          0          0          0          0          1          00001      0          00001      0          0          1          00000      0          0          00000      0          0          1          0          1          001010     100        1          10         0          11010010   0          0          1          0          0          0          0          1          *000000000 0          0          *001100100 1          0          *001010000 0          00001      00001      0          0          1          1          00110010   0          1          0          1          00110010   001010     100        1          10         0          11010010   *000000000 0          0          101        000        1          0          *000000000 0          0          *001100100 0          1          0101       0101       00000      1          0          *001100100 1          0          *001010000 0          00         00         1          0          *001010000 0          00001      00001      0          000        0          000        000        1          0          00001      00001      0          0          1          0          00001      00001      0          0          1          0          0          1          0          0          1          0          0          00001      0          0          0          1          0          0          0          1          1          0          1          1          1          1          0          1          1          00110010   1          0          0          00001      00001      1          0          0          00000      0          1          0          0          1          00001      00001      0          0          00000      0         
860000     0          0          0          001010     100        1          10         0          11010010   0          0          1          0          0          0          0          1          00001      0          00001      0          0          1          00000      0          0          00000      0          0          0          0          0          001010     100        1          10         0          11010010   0          0          1          0          0          0          0          1          *000000000 0          0          *001100100 1          0          *001010000 0          00001      00001      0          0          1          1          00110010   0          0          0          0          00110010   001010     100        1          10         0          11010010   *000000000 0          0          101        000        0          0          *000000000 0          0          *001100100 0          1          0101       0101       00000      0          0          *001100100 1          0          *001010000 0          00         00         0          0          *001010000 0          00001      00001      0          000        0          000        000        0          0          00001      00001      0          0          1          0          00001      00001      0          0          0          0          0          1          0          0          0          0          0          00001      0          0          0          0          0          0          0          1          0          0          1          1          1          0          0          1          1          00110010   0          0          0          00001      00001      1          0          0          00000      0          0          0          0          1          00001      00001      0          0          00000      0         
865000     1          0          0          001010     100        1          10         0          11010010   0          0          1          0          0          0          0          1          00001      0          00001      0          0          1          00000      0          0          00000      0          0          1          0          0          001010     100        1          10         0          11010010   0          0          1          0          0          0          0          1          *000000000 0          1          *001100100 1          0          *001010000 0          00001      00001      0          0          1          1          00110011   0          1          0          0          00110011   001010     100        1          10         0          11010010   *000000000 0          1          000        000        1          0          *000000000 0          0          *001100100 0          1          0101       0101       00000      1          0          *001100100 1          0          *001010000 0          00         00         1          0          *001010000 0          00001      00001      0          000        0          000        000        1          0          00001      00001      0          0          1          0          00001      00001      0          0          1          0          0          1          0          0          1          0          0          00001      0          0          0          1          0          0          0          1          1          0          1          1          1          1          0          1          1          00110011   1          0          0          00001      00001      1          0          0          00000      0          1          0          0          1          00001      00001      0          0          00000      0         
870000     0          0          0          001010     100        1          10         0          11010010   0          0          1          0          0          0          0          1          00001      0          00001      0          0          1          00000      0          0          00000      0          0          0          0          0          001010     100        1          10         0          11010010   0          0          1          0          0          0          0          1          *000000000 0          1          *001100100 1          0          *001010000 0          00001      00001      0          0          1          1          00110011   0          0          0          0          00110011   001010     100        1          10         0          11010010   *000000000 0          1          000        000        0          0          *000000000 0          0          *001100100 0          1          0101       0101       00000      0          0          *001100100 1          0          *001010000 0          00         00         0          0          *001010000 0          00001      00001      0          000        0          000        000        0          0          00001      00001      0          0          1          0          00001      00001      0          0          0          0          0          1          0          0          0          0          0          00001      0          0          0          0          0          0          0          1          0          0          1          1          1          0          0          1          1          00110011   0          0          0          00001      00001      1          0          0          00000      0          0          0          0          1          00001      00001      0          0          00000      0         
875000     1          0          0          001010     100        1          10         0          11010010   0          0          1          0          0          0          0          1          00001      0          00001      0          0          1          00000      0          0          00000      0          0          1          0          0          001010     100        1          10         0          11010010   0          0          1          0          0          0          0          1          *000000000 0          0          *001100100 1          0          *001010000 0          00001      00001      0          0          1          1          00110100   0          1          0          0          00110100   001010     100        1          10         0          11010010   *000000000 0          0          000        000        1          0          *000000000 0          0          *001100100 0          1          0101       0101       00000      1          0          *001100100 1          0          *001010000 0          00         00         1          0          *001010000 0          00001      00001      0          000        0          000        000        1          0          00001      00001      0          0          1          0          00001      00001      0          0          1          0          0          1          0          0          1          0          0          00001      0          0          0          1          0          0          0          1          1          0          1          1          1          1          0          1          1          00110100   1          0          0          00001      00001      1          0          0          00000      0          1          0          0          1          00001      00001      0          0          00000      0         
880000     0          0          0          001010     100        1          10         0          11010010   0          0          1          0          0          0          0          1          00001      0          00001      0          0          1          00000      0          0          00000      0          0          0          0          0          001010     100        1          10         0          11010010   0          0          1          0          0          0          0          1          *000000000 0          0          *001100100 1          0          *001010000 0          00001      00001      0          0          1          1          00110100   0          0          0          0          00110100   001010     100        1          10         0          11010010   *000000000 0          0          000        000        0          0          *000000000 0          0          *001100100 0          1          0101       0101       00000      0          0          *001100100 1          0          *001010000 0          00         00         0          0          *001010000 0          00001      00001      0          000        0          000        000        0          0          00001      00001      0          0          1          0          00001      00001      0          0          0          0          0          1          0          0          0          0          0          00001      0          0          0          0          0          0          0          1          0          0          1          1          1          0          0          1          1          00110100   0          0          0          00001      00001      1          0          0          00000      0          0          0          0          1          00001      00001      0          0          00000      0         
885000     1          0          0          001010     100        1          10         0          11010010   0          0          1          0          0          0          0          1          00001      0          00001      0          0          1          00000      0          0          00000      0          0          1          0          0          001010     100        1          10         0          11010010   0          0          1          0          0          0          0          1          *000000000 0          0          *001100100 1          0          *001010000 0          00001      00001      0          0          1          1          00110101   0          1          0          0          00110101   001010     100        1          10         0          11010010   *000000000 0          0          000        000        1          0          *000000000 0          0          *001100100 0          1          0101       0101       00000      1          0          *001100100 1          0          *001010000 0          00         00         1          0          *001010000 0          00001      00001      0          000        0          000        000        1          0          00001      00001      0          0          1          0          00001      00001      0          0          1          0          0          1          0          0          1          0          0          00001      0          0          0          1          0          0          0          1          1          0          1          1          1          1          0          1          1          00110101   1          0          0          00001      00001      1          0          0          00000      0          1          0          0          1          00001      00001      0          0          00000      0         
890000     0          0          0          001010     100        1          10         0          11010010   0          0          1          0          0          0          0          1          00001      0          00001      0          0          1          00000      0          0          00000      0          0          0          0          0          001010     100        1          10         0          11010010   0          0          1          0          0          0          0          1          *000000000 0          0          *001100100 1          0          *001010000 0          00001      00001      0          0          1          1          00110101   0          0          0          0          00110101   001010     100        1          10         0          11010010   *000000000 0          0          000        000        0          0          *000000000 0          0          *001100100 0          1          0101       0101       00000      0          0          *001100100 1          0          *001010000 0          00         00         0          0          *001010000 0          00001      00001      0          000        0          000        000        0          0          00001      00001      0          0          1          0          00001      00001      0          0          0          0          0          1          0          0          0          0          0          00001      0          0          0          0          0          0          0          1          0          0          1          1          1          0          0          1          1          00110101   0          0          0          00001      00001      1          0          0          00000      0          0          0          0          1          00001      00001      0          0          00000      0         
895000     1          0          0          001010     100        1          10         0          11010010   0          0          1          0          0          0          0          1          00001      0          00001      0          0          1          00000      0          0          00000      0          0          1          0          0          001010     100        1          10         0          11010010   0          0          1          0          0          0          0          1          *000000000 0          0          *001100100 1          0          *001010000 0          00001      00001      0          0          1          1          00110110   0          1          0          0          00110110   001010     100        1          10         0          11010010   *000000000 0          0          000        000        1          0          *000000000 0          0          *001100100 0          1          0101       0101       00000      1          0          *001100100 1          0          *001010000 0          00         00         1          0          *001010000 0          00001      00001      0          000        0          000        000        1          0          00001      00001      0          0          1          0          00001      00001      0          0          1          0          0          1          0          0          1          0          0          00001      0          0          0          1          0          0          0          1          1          0          1          1          1          1          0          1          1          00110110   1          0          0          00001      00001      1          0          0          00000      0          1          0          0          1          00001      00001      0          0          00000      0         
900000     0          0          0          001010     100        1          10         0          11010010   0          0          1          0          0          0          0          1          00001      0          00001      0          0          1          00000      0          0          00000      0          0          0          0          0          001010     100        1          10         0          11010010   0          0          1          0          0          0          0          1          *000000000 0          0          *001100100 1          0          *001010000 0          00001      00001      0          0          1          1          00110110   0          0          0          0          00110110   001010     100        1          10         0          11010010   *000000000 0          0          000        000        0          0          *000000000 0          0          *001100100 0          1          0101       0101       00000      0          0          *001100100 1          0          *001010000 0          00         00         0          0          *001010000 0          00001      00001      0          000        0          000        000        0          0          00001      00001      0          0          1          0          00001      00001      0          0          0          0          0          1          0          0          0          0          0          00001      0          0          0          0          0          0          0          1          0          0          1          1          1          0          0          1          1          00110110   0          0          0          00001      00001      1          0          0          00000      0          0          0          0          1          00001      00001      0          0          00000      0         
905000     1          0          0          001010     100        1          10         0          11010010   0          0          1          0          0          0          0          1          00001      0          00001      0          0          1          00000      0          0          00000      0          0          1          0          0          001010     100        1          10         0          11010010   0          0          1          0          0          0          0          1          *000000000 0          0          *001100100 1          0          *001010000 0          00001      00001      0          0          1          1          00110111   0          1          0          0          00110111   001010     100        1          10         0          11010010   *000000000 0          0          000        000        1          0          *000000000 0          0          *001100100 0          1          0101       0101       00000      1          0          *001100100 1          0          *001010000 0          00         00         1          0          *001010000 0          00001      00001      0          000        0          000        000        1          0          00001      00001      0          0          1          0          00001      00001      0          0          1          0          0          1          0          0          1          0          0          00001      0          0          0          1          0          0          0          1          1          0          1          1          1          1          0          1          1          00110111   1          0          0          00001      00001      1          0          0          00000      0          1          0          0          1          00001      00001      0          0          00000      0         
910000     0          0          0          001010     100        1          10         0          11010010   0          0          1          0          0          0          0          1          00001      0          00001      0          0          1          00000      0          0          00000      0          0          0          0          0          001010     100        1          10         0          11010010   0          0          1          0          0          0          0          1          *000000000 0          0          *001100100 1          0          *001010000 0          00001      00001      0          0          1          1          00110111   0          0          0          0          00110111   001010     100        1          10         0          11010010   *000000000 0          0          000        000        0          0          *000000000 0          0          *001100100 0          1          0101       0101       00000      0          0          *001100100 1          0          *001010000 0          00         00         0          0          *001010000 0          00001      00001      0          000        0          000        000        0          0          00001      00001      0          0          1          0          00001      00001      0          0          0          0          0          1          0          0          0          0          0          00001      0          0          0          0          0          0          0          1          0          0          1          1          1          0          0          1          1          00110111   0          0          0          00001      00001      1          0          0          00000      0          0          0          0          1          00001      00001      0          0          00000      0         
915000     1          0          0          001010     100        1          10         0          11010010   0          0          1          0          0          0          0          1          00001      0          00001      0          0          1          00000      0          0          00000      0          0          1          0          0          001010     100        1          10         0          11010010   0          0          1          0          0          0          0          1          *000000000 0          0          *001100100 1          0          *001010000 0          00001      00001      0          0          1          1          00111000   0          1          0          0          00111000   001010     100        1          10         0          11010010   *000000000 0          0          000        000        1          0          *000000000 0          0          *001100100 0          1          0101       0101       00000      1          0          *001100100 1          0          *001010000 0          00         00         1          0          *001010000 0          00001      00001      0          000        0          000        000        1          0          00001      00001      0          0          1          0          00001      00001      0          0          1          0          0          1          0          0          1          0          0          00001      0          0          0          1          0          0          0          1          1          0          1          1          1          1          0          1          1          00111000   1          0          0          00001      00001      1          0          0          00000      0          1          0          0          1          00001      00001      0          0          00000      0         
920000     0          0          0          001010     100        1          10         0          11010010   0          0          1          0          0          0          0          1          00001      0          00001      0          0          1          00000      0          0          00000      0          0          0          0          0          001010     100        1          10         0          11010010   0          0          1          0          0          0          0          1          *000000000 0          0          *001100100 1          0          *001010000 0          00001      00001      0          0          1          1          00111000   0          0          0          0          00111000   001010     100        1          10         0          11010010   *000000000 0          0          000        000        0          0          *000000000 0          0          *001100100 0          1          0101       0101       00000      0          0          *001100100 1          0          *001010000 0          00         00         0          0          *001010000 0          00001      00001      0          000        0          000        000        0          0          00001      00001      0          0          1          0          00001      00001      0          0          0          0          0          1          0          0          0          0          0          00001      0          0          0          0          0          0          0          1          0          0          1          1          1          0          0          1          1          00111000   0          0          0          00001      00001      1          0          0          00000      0          0          0          0          1          00001      00001      0          0          00000      0         
925000     1          0          0          001010     100        1          10         0          11010010   0          0          1          0          0          0          0          1          00001      0          00001      0          0          1          00000      0          0          00000      0          0          1          0          0          001010     100        1          10         0          11010010   0          0          1          0          0          0          0          1          *000000000 0          0          *001100100 1          0          *001010000 0          00001      00001      0          0          1          1          00111001   0          1          0          0          00111001   001010     100        1          10         0          11010010   *000000000 0          0          000        000        1          0          *000000000 0          0          *001100100 0          1          0101       0101       00000      1          0          *001100100 1          0          *001010000 0          00         00         1          0          *001010000 0          00001      00001      0          000        0          000        000        1          0          00001      00001      0          0          1          0          00001      00001      0          0          1          0          0          1          0          0          1          0          0          00001      0          0          0          1          0          0          0          1          1          0          1          1          1          1          0          1          1          00111001   1          0          0          00001      00001      1          0          0          00000      0          1          0          0          1          00001      00001      0          0          00000      0         
930000     0          0          0          001010     100        1          10         0          11010010   0          0          1          0          0          0          0          1          00001      0          00001      0          0          1          00000      0          0          00000      0          0          0          0          0          001010     100        1          10         0          11010010   0          0          1          0          0          0          0          1          *000000000 0          0          *001100100 1          0          *001010000 0          00001      00001      0          0          1          1          00111001   0          0          0          0          00111001   001010     100        1          10         0          11010010   *000000000 0          0          000        000        0          0          *000000000 0          0          *001100100 0          1          0101       0101       00000      0          0          *001100100 1          0          *001010000 0          00         00         0          0          *001010000 0          00001      00001      0          000        0          000        000        0          0          00001      00001      0          0          1          0          00001      00001      0          0          0          0          0          1          0          0          0          0          0          00001      0          0          0          0          0          0          0          1          0          0          1          1          1          0          0          1          1          00111001   0          0          0          00001      00001      1          0          0          00000      0          0          0          0          1          00001      00001      0          0          00000      0         
935000     1          0          0          001010     100        1          10         0          11010010   0          0          1          0          0          0          0          1          00001      0          00001      0          0          1          00000      0          0          00000      0          0          1          0          0          001010     100        1          10         0          11010010   0          0          1          0          0          0          0          1          *000000000 0          0          *001100100 1          0          *001010000 0          00001      00001      0          0          1          1          00111010   0          1          0          0          00111010   001010     100        1          10         0          11010010   *000000000 0          0          000        000        1          0          *000000000 0          0          *001100100 0          1          0101       0101       00000      1          0          *001100100 1          0          *001010000 0          00         00         1          0          *001010000 0          00001      00001      0          000        0          000        000        1          0          00001      00001      0          0          1          0          00001      00001      0          0          1          0          0          1          0          0          1          0          0          00001      0          0          0          1          0          0          0          1          1          0          1          1          1          1          0          1          1          00111010   1          0          0          00001      00001      1          0          0          00000      0          1          0          0          1          00001      00001      0          0          00000      0         
940000     0          0          0          001010     100        1          10         0          11010010   0          0          1          0          0          0          0          1          00001      0          00001      0          0          1          00000      0          0          00000      0          0          0          0          0          001010     100        1          10         0          11010010   0          0          1          0          0          0          0          1          *000000000 0          0          *001100100 1          0          *001010000 0          00001      00001      0          0          1          1          00111010   0          0          0          0          00111010   001010     100        1          10         0          11010010   *000000000 0          0          000        000        0          0          *000000000 0          0          *001100100 0          1          0101       0101       00000      0          0          *001100100 1          0          *001010000 0          00         00         0          0          *001010000 0          00001      00001      0          000        0          000        000        0          0          00001      00001      0          0          1          0          00001      00001      0          0          0          0          0          1          0          0          0          0          0          00001      0          0          0          0          0          0          0          1          0          0          1          1          1          0          0          1          1          00111010   0          0          0          00001      00001      1          0          0          00000      0          0          0          0          1          00001      00001      0          0          00000      0         
945000     1          0          0          001010     100        1          10         0          11010010   0          0          1          0          0          0          0          1          00001      0          00001      0          0          1          00000      0          0          00000      0          0          1          0          0          001010     100        1          10         0          11010010   0          0          1          0          0          0          0          1          *000000000 0          0          *001100100 1          0          *001010000 0          00001      00001      0          0          1          1          00111011   0          1          0          0          00111011   001010     100        1          10         0          11010010   *000000000 0          0          000        000        1          0          *000000000 0          0          *001100100 0          1          0101       0101       00000      1          0          *001100100 1          0          *001010000 0          00         00         1          0          *001010000 0          00001      00001      0          000        0          000        000        1          0          00001      00001      0          0          1          0          00001      00001      0          0          1          0          0          1          0          0          1          0          0          00001      0          0          0          1          0          0          0          1          1          0          1          1          1          1          0          1          1          00111011   1          0          0          00001      00001      1          0          0          00000      0          1          0          0          1          00001      00001      0          0          00000      0         
950000     0          0          0          001010     100        1          10         0          11010010   0          0          1          0          0          0          0          1          00001      0          00001      0          0          1          00000      0          0          00000      0          0          0          0          0          001010     100        1          10         0          11010010   0          0          1          0          0          0          0          1          *000000000 0          0          *001100100 1          0          *001010000 0          00001      00001      0          0          1          1          00111011   0          0          0          0          00111011   001010     100        1          10         0          11010010   *000000000 0          0          000        000        0          0          *000000000 0          0          *001100100 0          1          0101       0101       00000      0          0          *001100100 1          0          *001010000 0          00         00         0          0          *001010000 0          00001      00001      0          000        0          000        000        0          0          00001      00001      0          0          1          0          00001      00001      0          0          0          0          0          1          0          0          0          0          0          00001      0          0          0          0          0          0          0          1          0          0          1          1          1          0          0          1          1          00111011   0          0          0          00001      00001      1          0          0          00000      0          0          0          0          1          00001      00001      0          0          00000      0         
955000     1          0          0          001010     100        1          10         0          11010010   0          0          1          0          0          0          0          1          00001      0          00001      0          0          1          00000      0          0          00000      0          0          1          0          0          001010     100        1          10         0          11010010   0          0          1          0          0          0          0          1          *000000000 0          0          *001100100 1          0          *001010000 0          00001      00001      0          0          1          1          00111100   0          1          0          0          00111100   001010     100        1          10         0          11010010   *000000000 0          0          000        000        1          0          *000000000 0          0          *001100100 0          1          0101       0101       00000      1          0          *001100100 1          0          *001010000 0          00         00         1          0          *001010000 0          00001      00001      0          000        0          000        000        1          0          00001      00001      0          0          1          0          00001      00001      0          0          1          0          0          1          0          0          1          0          0          00001      0          0          0          1          0          0          0          1          1          0          1          1          1          1          0          1          1          00111100   1          0          0          00001      00001      1          0          0          00000      0          1          0          0          1          00001      00001      0          0          00000      0         
960000     0          0          0          001010     100        1          10         0          11010010   0          0          1          0          0          0          0          1          00001      0          00001      0          0          1          00000      0          0          00000      0          0          0          0          0          001010     100        1          10         0          11010010   0          0          1          0          0          0          0          1          *000000000 0          0          *001100100 1          0          *001010000 0          00001      00001      0          0          1          1          00111100   0          0          0          0          00111100   001010     100        1          10         0          11010010   *000000000 0          0          000        000        0          0          *000000000 0          0          *001100100 0          1          0101       0101       00000      0          0          *001100100 1          0          *001010000 0          00         00         0          0          *001010000 0          00001      00001      0          000        0          000        000        0          0          00001      00001      0          0          1          0          00001      00001      0          0          0          0          0          1          0          0          0          0          0          00001      0          0          0          0          0          0          0          1          0          0          1          1          1          0          0          1          1          00111100   0          0          0          00001      00001      1          0          0          00000      0          0          0          0          1          00001      00001      0          0          00000      0         
965000     1          0          0          001010     100        1          10         0          11010010   0          0          1          0          0          0          0          1          00001      0          00001      0          0          1          00000      0          0          00000      0          0          1          0          0          001010     100        1          10         0          11010010   0          0          1          0          0          0          0          1          *000000000 0          0          *001100100 1          0          *001010000 0          00001      00001      0          0          1          1          00111101   0          1          0          0          00111101   001010     100        1          10         0          11010010   *000000000 0          0          000        000        1          0          *000000000 0          0          *001100100 0          1          0101       0101       00000      1          0          *001100100 1          0          *001010000 0          00         00         1          0          *001010000 0          00001      00001      0          000        0          000        000        1          0          00001      00001      0          0          1          0          00001      00001      0          0          1          0          0          1          0          0          1          0          0          00001      0          0          0          1          0          0          0          1          1          0          1          1          1          1          0          1          1          00111101   1          0          0          00001      00001      1          0          0          00000      0          1          0          0          1          00001      00001      0          0          00000      0         
970000     0          0          0          001010     100        1          10         0          11010010   0          0          1          0          0          0          0          1          00001      0          00001      0          0          1          00000      0          0          00000      0          0          0          0          0          001010     100        1          10         0          11010010   0          0          1          0          0          0          0          1          *000000000 0          0          *001100100 1          0          *001010000 0          00001      00001      0          0          1          1          00111101   0          0          0          0          00111101   001010     100        1          10         0          11010010   *000000000 0          0          000        000        0          0          *000000000 0          0          *001100100 0          1          0101       0101       00000      0          0          *001100100 1          0          *001010000 0          00         00         0          0          *001010000 0          00001      00001      0          000        0          000        000        0          0          00001      00001      0          0          1          0          00001      00001      0          0          0          0          0          1          0          0          0          0          0          00001      0          0          0          0          0          0          0          1          0          0          1          1          1          0          0          1          1          00111101   0          0          0          00001      00001      1          0          0          00000      0          0          0          0          1          00001      00001      0          0          00000      0         
975000     1          0          0          001010     100        1          10         0          11010010   0          0          1          0          0          0          0          1          00001      0          00001      0          0          1          00000      0          0          00000      0          0          1          0          0          001010     100        1          10         0          11010010   0          0          1          0          0          0          0          1          *000000000 0          0          *001100100 1          0          *001010000 0          00001      00001      0          0          1          1          00111110   0          1          0          0          00111110   001010     100        1          10         0          11010010   *000000000 0          0          000        000        1          0          *000000000 0          0          *001100100 0          1          0101       0101       00000      1          0          *001100100 1          0          *001010000 0          00         00         1          0          *001010000 0          00001      00001      0          000        0          000        000        1          0          00001      00001      0          0          1          0          00001      00001      0          0          1          0          0          1          0          0          1          0          0          00001      0          0          0          1          0          0          0          1          1          0          1          1          1          1          0          1          1          00111110   1          0          0          00001      00001      1          0          0          00000      0          1          0          0          1          00001      00001      0          0          00000      0         
980000     0          0          0          001010     100        1          10         0          11010010   0          0          1          0          0          0          0          1          00001      0          00001      0          0          1          00000      0          0          00000      0          0          0          0          0          001010     100        1          10         0          11010010   0          0          1          0          0          0          0          1          *000000000 0          0          *001100100 1          0          *001010000 0          00001      00001      0          0          1          1          00111110   0          0          0          0          00111110   001010     100        1          10         0          11010010   *000000000 0          0          000        000        0          0          *000000000 0          0          *001100100 0          1          0101       0101       00000      0          0          *001100100 1          0          *001010000 0          00         00         0          0          *001010000 0          00001      00001      0          000        0          000        000        0          0          00001      00001      0          0          1          0          00001      00001      0          0          0          0          0          1          0          0          0          0          0          00001      0          0          0          0          0          0          0          1          0          0          1          1          1          0          0          1          1          00111110   0          0          0          00001      00001      1          0          0          00000      0          0          0          0          1          00001      00001      0          0          00000      0         
985000     1          0          0          001010     100        1          10         0          11010010   0          0          1          0          0          0          0          1          00001      0          00001      0          0          1          00000      0          0          00000      0          0          1          0          0          001010     100        1          10         0          11010010   0          0          1          0          0          0          0          1          *000000000 0          0          *001100100 1          0          *001010000 0          00001      00001      0          0          1          1          00111111   0          1          0          0          00111111   001010     100        1          10         0          11010010   *000000000 0          0          000        000        1          0          *000000000 0          0          *001100100 0          1          0101       0101       00000      1          0          *001100100 1          0          *001010000 0          00         00         1          0          *001010000 0          00001      00001      0          000        0          000        000        1          0          00001      00001      0          0          1          0          00001      00001      0          0          1          0          0          1          0          0          1          0          0          00001      0          0          0          1          0          0          0          1          1          0          1          1          1          1          0          1          1          00111111   1          0          0          00001      00001      1          0          0          00000      0          1          0          0          1          00001      00001      0          0          00000      0         
990000     0          0          0          001010     100        1          10         0          11010010   0          0          1          0          0          0          0          1          00001      0          00001      0          0          1          00000      0          0          00000      0          0          0          0          0          001010     100        1          10         0          11010010   0          0          1          0          0          0          0          1          *000000000 0          0          *001100100 1          0          *001010000 0          00001      00001      0          0          1          1          00111111   0          0          0          0          00111111   001010     100        1          10         0          11010010   *000000000 0          0          000        000        0          0          *000000000 0          0          *001100100 0          1          0101       0101       00000      0          0          *001100100 1          0          *001010000 0          00         00         0          0          *001010000 0          00001      00001      0          000        0          000        000        0          0          00001      00001      0          0          1          0          00001      00001      0          0          0          0          0          1          0          0          0          0          0          00001      0          0          0          0          0          0          0          1          0          0          1          1          1          0          0          1          1          00111111   0          0          0          00001      00001      1          0          0          00000      0          0          0          0          1          00001      00001      0          0          00000      0         
995000     1          0          0          001010     100        1          10         0          11010010   0          0          1          0          0          0          0          1          00001      0          00001      0          0          1          00000      0          0          00000      0          0          1          0          0          001010     100        1          10         0          11010010   0          0          1          0          0          0          0          1          *000000000 0          0          *001100100 1          0          *001010000 0          00001      00001      0          0          1          1          01000000   0          1          0          0          01000000   001010     100        1          10         0          11010010   *000000000 0          0          000        000        1          0          *000000000 0          0          *001100100 0          1          0101       0101       00000      1          0          *001100100 1          0          *001010000 0          00         00         1          0          *001010000 0          00001      00001      0          000        0          000        000        1          0          00001      00001      0          0          1          0          00001      00001      0          0          1          0          0          1          0          0          1          0          0          00001      0          0          0          1          0          0          0          1          1          0          1          1          1          1          0          1          1          01000000   1          0          0          00001      00001      1          0          0          00000      0          1          0          0          1          00001      00001      0          0          00000      0         
1000000    0          0          0          001010     100        1          10         0          11010010   0          0          1          0          0          0          0          1          00001      0          00001      0          0          1          00000      0          0          00000      0          0          0          0          0          001010     100        1          10         0          11010010   0          0          1          0          0          0          0          1          *000000000 0          0          *001100100 1          0          *001010000 0          00001      00001      0          0          1          1          01000000   0          0          0          0          01000000   001010     100        1          10         0          11010010   *000000000 0          0          000        000        0          0          *000000000 0          0          *001100100 0          1          0101       0101       00000      0          0          *001100100 1          0          *001010000 0          00         00         0          0          *001010000 0          00001      00001      0          000        0          000        000        0          0          00001      00001      0          0          1          0          00001      00001      0          0          0          0          0          1          0          0          0          0          0          00001      0          0          0          0          0          0          0          1          0          0          1          1          1          0          0          1          1          01000000   0          0          0          00001      00001      1          0          0          00000      0          0          0          0          1          00001      00001      0          0          00000      0         
1005000    1          0          0          001010     100        1          10         0          11010010   0          0          1          0          0          0          0          1          00001      0          00001      0          0          1          00000      0          0          00000      0          0          1          0          0          001010     100        1          10         0          11010010   0          0          1          0          0          0          0          1          *000000000 0          0          *001100100 1          0          *001010000 0          00001      00001      0          0          1          1          01000001   0          1          0          0          01000001   001010     100        1          10         0          11010010   *000000000 0          0          000        000        1          0          *000000000 0          0          *001100100 0          1          0101       0101       00000      1          0          *001100100 1          0          *001010000 0          00         00         1          0          *001010000 0          00001      00001      0          000        0          000        000        1          0          00001      00001      0          0          1          0          00001      00001      0          0          1          0          0          1          0          0          1          0          0          00001      0          0          0          1          0          0          0          1          1          0          1          1          1          1          0          1          1          01000001   1          0          0          00001      00001      1          0          0          00000      0          1          0          0          1          00001      00001      0          0          00000      0         
1010000    0          0          0          001010     100        1          10         0          11010010   0          0          1          0          0          0          0          1          00001      1          00001      0          0          1          00000      0          0          00000      0          1          0          0          0          001010     100        1          10         0          11010010   0          0          1          0          0          0          0          1          *000000000 0          0          *001100100 1          0          *001010000 0          00001      00001      0          0          1          1          01000001   0          0          0          0          01000001   001010     100        1          10         0          11010010   *000000000 0          0          000        000        0          0          *000000000 0          0          *001100100 0          1          0101       0101       00000      0          0          *001100100 1          0          *001010000 0          00         00         0          0          *001010000 0          00001      00001      0          000        0          000        000        0          0          00001      00001      1          0          1          0          00001      00001      0          0          0          0          0          1          0          0          0          0          0          00001      0          0          0          0          0          0          0          1          0          0          1          1          1          0          0          1          1          01000001   0          0          1          00001      00001      1          0          0          00000      0          0          0          1          1          00001      00001      1          0          00000      0         
1015000    1          0          0          001010     100        1          10         0          11010010   0          0          1          0          0          0          0          1          00001      1          00001      0          0          1          00001      0          1          00001      1          1          1          0          0          001010     100        1          10         0          11010010   0          0          1          0          0          0          0          1          *000000000 0          0          *001100100 1          0          *001010000 0          00001      00001      1          0          1          1          01000010   1          1          0          0          01000010   001010     100        1          10         0          11010010   *000000000 0          0          000        000        1          0          *000000000 0          0          *001100100 0          1          0101       0101       00000      1          0          *001100100 1          0          *001010000 0          00         00         1          0          *001010000 0          00001      00001      0          000        0          000        000        1          0          00001      00001      1          0          1          0          00001      00001      0          1          1          0          0          1          0          0          1          0          0          00001      0          0          0          1          0          0          1          1          1          0          0          1          1          1          0          1          1          01000010   1          0          1          00001      00001      1          0          1          00001      0          1          0          1          1          00001      00001      1          1          00001      1         
1020000    0          0          0          001010     100        1          10         0          11010010   0          0          1          0          0          0          0          1          00001      1          00001      0          0          1          00001      0          1          00001      1          1          0          0          0          001010     100        1          10         0          11010010   0          0          1          0          0          0          0          1          *000000000 0          0          *001100100 1          0          *001010000 0          00001      00001      1          0          1          1          01000010   1          0          0          0          01000010   001010     100        1          10         0          11010010   *000000000 0          0          000        000        0          0          *000000000 0          0          *001100100 0          1          0101       0101       00000      0          0          *001100100 1          0          *001010000 0          00         00         0          0          *001010000 0          00001      00001      0          000        0          000        000        0          0          00001      00001      1          0          1          0          00001      00001      0          1          0          0          0          1          0          0          0          0          0          00001      0          0          0          0          0          0          1          1          0          0          0          1          1          0          0          1          1          01000010   0          0          1          00001      00001      1          0          1          00001      0          0          0          1          1          00001      00001      1          1          00001      1         
1025000    1          0          0          001010     100        1          10         0          11010010   0          0          1          0          0          0          0          0          00001      1          00001      0          0          1          00001      0          1          00001      1          1          1          0          0          001010     100        1          10         0          11010010   0          0          1          0          0          0          0          0          *000000000 0          0          *001100100 1          0          *001010000 0          00001      00001      1          0          0          1          01000011   1          1          0          0          01000011   001010     100        1          10         0          11010010   *000000000 0          0          000        000        1          0          *000000000 0          0          *001100100 0          1          0101       0101       00000      1          0          *001100100 1          0          *001010000 0          00         00         1          0          *001010000 0          00001      00001      0          000        0          000        000        1          0          00001      00001      1          0          1          0          00001      00001      0          1          1          0          0          1          0          0          1          0          0          00001      0          0          0          1          0          0          1          0          1          0          0          0          0          1          0          0          1          01000011   1          0          1          00001      00001      1          0          1          00001      0          1          0          1          1          00001      00001      1          1          00001      1         
1030000    0          0          0          001010     100        1          10         0          11010010   0          0          1          0          0          0          0          0          00001      0          00001      0          0          0          00001      0          1          00001      1          0          0          0          0          001010     100        1          10         0          11010010   0          0          1          0          0          0          0          0          *000000000 0          0          *001100100 1          0          *001010000 0          00001      00001      1          0          0          1          01000011   1          0          0          0          01000011   001010     100        1          10         0          11010010   *000000000 0          0          000        000        0          0          *000000000 0          0          *001100100 0          1          0101       0101       00000      0          0          *001100100 1          0          *001010000 0          00         00         0          0          *001010000 0          00001      00001      0          000        0          000        000        0          0          00001      00001      0          0          0          0          00001      00001      0          1          0          0          0          1          0          0          0          0          0          00001      0          0          0          0          0          0          1          0          0          0          0          0          0          0          0          0          1          01000011   0          0          0          00001      00001      0          0          1          00001      0          0          0          0          0          00001      00001      0          1          00001      1         
1035000    1          0          0          001010     100        1          10         0          11010010   0          0          1          0          0          0          0          0          00001      0          00001      0          0          0          00000      0          0          00000      0          0          1          0          0          001010     100        1          10         0          11010010   0          0          1          0          0          0          0          0          *000000000 0          0          *001100100 1          0          *001010000 0          00001      00001      0          0          0          1          01000011   0          1          0          0          01000011   001010     100        1          10         0          11010010   *000000000 0          0          000        000        1          0          *000000000 0          0          *001100100 0          1          0101       0101       00000      1          0          *001100100 1          0          *001010000 0          00         00         1          0          *001010000 0          00001      00001      0          000        0          000        000        1          0          00001      00001      0          0          0          0          00001      00001      0          0          1          0          0          1          0          0          1          0          0          00001      0          0          0          1          0          0          0          0          1          0          0          0          0          1          0          0          1          01000011   1          0          0          00001      00001      0          0          0          00000      0          1          0          0          0          00001      00001      0          0          00000      0         
1040000    0          0          0          001010     100        1          10         0          11010010   0          0          1          0          0          0          0          0          00001      0          00001      0          0          0          00000      0          0          00000      0          0          0          0          0          001010     100        1          10         0          11010010   0          0          1          0          0          0          0          0          *000000000 0          0          *001100100 1          0          *001010000 0          00001      00001      0          0          0          1          01000011   0          0          0          0          01000011   001010     100        1          10         0          11010010   *000000000 0          0          000        000        0          0          *000000000 0          0          *001100100 0          1          0101       0101       00000      0          0          *001100100 1          0          *001010000 0          00         00         0          0          *001010000 0          00001      00001      0          000        0          000        000        0          0          00001      00001      0          0          0          0          00001      00001      0          0          0          0          0          1          0          0          0          0          0          00001      0          0          0          0          0          0          0          0          0          0          0          0          0          0          0          0          1          01000011   0          0          0          00001      00001      0          0          0          00000      0          0          0          0          0          00001      00001      0          0          00000      0         
1045000    1          0          0          001010     100        1          10         0          11010010   0          0          1          0          0          0          0          0          00001      0          00001      0          0          0          00000      0          0          00000      0          0          1          0          0          001010     100        1          10         0          11010010   0          0          1          0          0          0          0          0          *000000000 0          0          *001100100 1          0          *001010000 0          00001      00001      0          0          0          1          01000011   0          1          0          0          01000011   001010     100        1          10         0          11010010   *000000000 0          0          000        000        1          0          *000000000 0          0          *001100100 0          1          0101       0101       00000      1          0          *001100100 1          0          *001010000 0          00         00         1          0          *001010000 0          00001      00001      0          000        0          000        000        1          0          00001      00001      0          0          0          0          00001      00001      0          0          1          0          0          1          0          0          1          0          0          00001      0          0          0          1          0          0          0          0          1          0          0          0          0          1          0          0          1          01000011   1          0          0          00001      00001      0          0          0          00000      0          1          0          0          0          00001      00001      0          0          00000      0         
1050000    0          0          0          001010     100        1          10         0          11010010   0          0          1          0          0          0          0          0          00001      0          00001      0          0          0          00000      0          0          00000      0          0          0          0          0          001010     100        1          10         0          11010010   0          0          1          0          0          0          0          0          *000000000 0          0          *001100100 1          0          *001010000 0          00001      00001      0          0          0          1          01000011   0          0          0          0          01000011   001010     100        1          10         0          11010010   *000000000 0          0          000        000        0          0          *000000000 0          0          *001100100 0          1          0101       0101       00000      0          0          *001100100 1          0          *001010000 0          00         00         0          0          *001010000 0          00001      00001      0          000        0          000        000        0          0          00001      00001      0          0          0          0          00001      00001      0          0          0          0          0          1          0          0          0          0          0          00001      0          0          0          0          0          0          0          0          0          0          0          0          0          0          0          0          1          01000011   0          0          0          00001      00001      0          0          0          00000      0          0          0          0          0          00001      00001      0          0          00000      0         
1055000    1          0          0          001010     100        1          10         0          11010010   0          0          1          0          0          0          0          0          00001      0          00001      0          0          0          00000      0          0          00000      0          0          1          0          0          001010     100        1          10         0          11010010   0          0          1          0          0          0          0          0          *000000000 0          0          *001100100 1          0          *001010000 0          00001      00001      0          0          0          1          01000011   0          1          0          0          01000011   001010     100        1          10         0          11010010   *000000000 0          0          000        000        1          0          *000000000 0          0          *001100100 0          1          0101       0101       00000      1          0          *001100100 1          0          *001010000 0          00         00         1          0          *001010000 0          00001      00001      0          000        0          000        000        1          0          00001      00001      0          0          0          0          00001      00001      0          0          1          0          0          1          0          0          1          0          0          00001      0          0          0          1          0          0          0          0          1          0          0          0          0          1          0          0          1          01000011   1          0          0          00001      00001      0          0          0          00000      0          1          0          0          0          00001      00001      0          0          00000      0         
1060000    0          0          0          001010     100        1          10         0          11010010   0          0          1          0          0          0          0          0          00001      0          00001      0          0          0          00000      0          0          00000      0          0          0          0          0          001010     100        1          10         0          11010010   0          0          1          0          0          0          0          0          *000000000 0          0          *001100100 1          0          *001010000 0          00001      00001      0          0          0          1          01000011   0          0          0          0          01000011   001010     100        1          10         0          11010010   *000000000 0          0          000        000        0          0          *000000000 0          0          *001100100 0          1          0101       0101       00000      0          0          *001100100 1          0          *001010000 0          00         00         0          0          *001010000 0          00001      00001      0          000        0          000        000        0          0          00001      00001      0          0          0          0          00001      00001      0          0          0          0          0          1          0          0          0          0          0          00001      0          0          0          0          0          0          0          0          0          0          0          0          0          0          0          0          1          01000011   0          0          0          00001      00001      0          0          0          00000      0          0          0          0          0          00001      00001      0          0          00000      0         
1065000    1          0          0          001010     100        1          10         0          11010010   0          0          1          0          0          0          0          0          00001      0          00001      0          0          0          00000      0          0          00000      0          0          1          0          0          001010     100        1          10         0          11010010   0          0          1          0          0          0          0          0          *000000000 0          0          *001100100 1          0          *001010000 0          00001      00001      0          0          0          1          01000011   0          1          0          0          01000011   001010     100        1          10         0          11010010   *000000000 0          0          000        000        1          0          *000000000 0          0          *001100100 0          1          0101       0101       00000      1          0          *001100100 1          0          *001010000 0          00         00         1          0          *001010000 0          00001      00001      0          000        0          000        000        1          0          00001      00001      0          0          0          0          00001      00001      0          0          1          0          0          1          0          0          1          0          0          00001      0          0          0          1          0          0          0          0          1          0          0          0          0          1          0          0          1          01000011   1          0          0          00001      00001      0          0          0          00000      0          1          0          0          0          00001      00001      0          0          00000      0         
1070000    0          0          0          001010     100        1          10         0          11010010   0          0          1          0          0          0          0          0          00001      0          00001      0          0          0          00000      0          0          00000      0          0          0          0          0          001010     100        1          10         0          11010010   0          0          1          0          0          0          0          0          *000000000 0          0          *001100100 1          0          *001010000 0          00001      00001      0          0          0          1          01000011   0          0          0          0          01000011   001010     100        1          10         0          11010010   *000000000 0          0          000        000        0          0          *000000000 0          0          *001100100 0          1          0101       0101       00000      0          0          *001100100 1          0          *001010000 0          00         00         0          0          *001010000 0          00001      00001      0          000        0          000        000        0          0          00001      00001      0          0          0          0          00001      00001      0          0          0          0          0          1          0          0          0          0          0          00001      0          0          0          0          0          0          0          0          0          0          0          0          0          0          0          0          1          01000011   0          0          0          00001      00001      0          0          0          00000      0          0          0          0          0          00001      00001      0          0          00000      0         
1075000    1          0          0          001010     100        1          10         0          11010010   0          0          1          0          0          0          0          0          00001      0          00001      0          0          0          00000      0          0          00000      0          0          1          0          0          001010     100        1          10         0          11010010   0          0          1          0          0          0          0          0          *000000000 0          0          *001100100 1          0          *001010000 0          00001      00001      0          0          0          1          01000011   0          1          0          0          01000011   001010     100        1          10         0          11010010   *000000000 0          0          000        000        1          0          *000000000 0          0          *001100100 0          1          0101       0101       00000      1          0          *001100100 1          0          *001010000 0          00         00         1          0          *001010000 0          00001      00001      0          000        0          000        000        1          0          00001      00001      0          0          0          0          00001      00001      0          0          1          0          0          1          0          0          1          0          0          00001      0          0          0          1          0          0          0          0          1          0          0          0          0          1          0          0          1          01000011   1          0          0          00001      00001      0          0          0          00000      0          1          0          0          0          00001      00001      0          0          00000      0         
1080000    0          0          0          001010     100        1          10         0          11010010   0          0          1          0          0          0          0          0          00001      0          00001      0          0          0          00000      0          0          00000      0          0          0          0          0          001010     100        1          10         0          11010010   0          0          1          0          0          0          0          0          *000000000 0          0          *001100100 1          0          *001010000 0          00001      00001      0          0          0          1          01000011   0          0          0          0          01000011   001010     100        1          10         0          11010010   *000000000 0          0          000        000        0          0          *000000000 0          0          *001100100 0          1          0101       0101       00000      0          0          *001100100 1          0          *001010000 0          00         00         0          0          *001010000 0          00001      00001      0          000        0          000        000        0          0          00001      00001      0          0          0          0          00001      00001      0          0          0          0          0          1          0          0          0          0          0          00001      0          0          0          0          0          0          0          0          0          0          0          0          0          0          0          0          1          01000011   0          0          0          00001      00001      0          0          0          00000      0          0          0          0          0          00001      00001      0          0          00000      0         
1085000    1          0          0          001010     100        1          10         0          11010010   0          0          1          0          0          0          0          0          00001      0          00001      0          0          0          00000      0          0          00000      0          0          1          0          0          001010     100        1          10         0          11010010   0          0          1          0          0          0          0          0          *000000000 0          0          *001100100 1          0          *001010000 0          00001      00001      0          0          0          1          01000011   0          1          0          0          01000011   001010     100        1          10         0          11010010   *000000000 0          0          000        000        1          0          *000000000 0          0          *001100100 0          1          0101       0101       00000      1          0          *001100100 1          0          *001010000 0          00         00         1          0          *001010000 0          00001      00001      0          000        0          000        000        1          0          00001      00001      0          0          0          0          00001      00001      0          0          1          0          0          1          0          0          1          0          0          00001      0          0          0          1          0          0          0          0          1          0          0          0          0          1          0          0          1          01000011   1          0          0          00001      00001      0          0          0          00000      0          1          0          0          0          00001      00001      0          0          00000      0         
1090000    0          0          0          001010     100        1          10         0          11010010   0          0          1          0          0          0          0          0          00001      0          00001      0          0          0          00000      0          0          00000      0          0          0          0          0          001010     100        1          10         0          11010010   0          0          1          0          0          0          0          0          *000000000 0          0          *001100100 1          0          *001010000 0          00001      00001      0          0          0          1          01000011   0          0          0          0          01000011   001010     100        1          10         0          11010010   *000000000 0          0          000        000        0          0          *000000000 0          0          *001100100 0          1          0101       0101       00000      0          0          *001100100 1          0          *001010000 0          00         00         0          0          *001010000 0          00001      00001      0          000        0          000        000        0          0          00001      00001      0          0          0          0          00001      00001      0          0          0          0          0          1          0          0          0          0          0          00001      0          0          0          0          0          0          0          0          0          0          0          0          0          0          0          0          1          01000011   0          0          0          00001      00001      0          0          0          00000      0          0          0          0          0          00001      00001      0          0          00000      0         
1095000    1          0          0          001010     100        1          10         0          11010010   0          0          1          0          0          0          0          0          00001      0          00001      0          0          0          00000      0          0          00000      0          0          1          0          0          001010     100        1          10         0          11010010   0          0          1          0          0          0          0          0          *000000000 0          0          *001100100 1          0          *001010000 0          00001      00001      0          0          0          1          01000011   0          1          0          0          01000011   001010     100        1          10         0          11010010   *000000000 0          0          000        000        1          0          *000000000 0          0          *001100100 0          1          0101       0101       00000      1          0          *001100100 1          0          *001010000 0          00         00         1          0          *001010000 0          00001      00001      0          000        0          000        000        1          0          00001      00001      0          0          0          0          00001      00001      0          0          1          0          0          1          0          0          1          0          0          00001      0          0          0          1          0          0          0          0          1          0          0          0          0          1          0          0          1          01000011   1          0          0          00001      00001      0          0          0          00000      0          1          0          0          0          00001      00001      0          0          00000      0         
1100000    0          0          0          001010     100        1          10         0          11010010   0          0          1          0          0          0          0          0          00001      0          00001      0          0          0          00000      0          0          00000      0          0          0          0          0          001010     100        1          10         0          11010010   0          0          1          0          0          0          0          0          *000000000 0          0          *001100100 1          0          *001010000 0          00001      00001      0          0          0          1          01000011   0          0          0          0          01000011   001010     100        1          10         0          11010010   *000000000 0          0          000        000        0          0          *000000000 0          0          *001100100 0          1          0101       0101       00000      0          0          *001100100 1          0          *001010000 0          00         00         0          0          *001010000 0          00001      00001      0          000        0          000        000        0          0          00001      00001      0          0          0          0          00001      00001      0          0          0          0          0          1          0          0          0          0          0          00001      0          0          0          0          0          0          0          0          0          0          0          0          0          0          0          0          1          01000011   0          0          0          00001      00001      0          0          0          00000      0          0          0          0          0          00001      00001      0          0          00000      0         
1105000    1          0          0          001010     100        1          10         0          11010010   0          0          1          0          0          0          0          0          00001      0          00001      0          0          0          00000      0          0          00000      0          0          1          0          0          001010     100        1          10         0          11010010   0          0          1          0          0          0          0          0          *000000000 0          0          *001100100 1          0          *001010000 0          00001      00001      0          0          0          1          01000011   0          1          0          0          01000011   001010     100        1          10         0          11010010   *000000000 0          0          000        000        1          0          *000000000 0          0          *001100100 0          1          0101       0101       00000      1          0          *001100100 1          0          *001010000 0          00         00         1          0          *001010000 0          00001      00001      0          000        0          000        000        1          0          00001      00001      0          0          0          0          00001      00001      0          0          1          0          0          1          0          0          1          0          0          00001      0          0          0          1          0          0          0          0          1          0          0          0          0          1          0          0          1          01000011   1          0          0          00001      00001      0          0          0          00000      0          1          0          0          0          00001      00001      0          0          00000      0         
1110000    0          0          0          001010     100        1          10         0          11010010   0          0          1          0          0          0          0          0          00001      0          00001      0          0          0          00000      0          0          00000      0          0          0          0          0          001010     100        1          10         0          11010010   0          0          1          0          0          0          0          0          *000000000 0          0          *001100100 1          0          *001010000 0          00001      00001      0          0          0          1          01000011   0          0          0          0          01000011   001010     100        1          10         0          11010010   *000000000 0          0          000        000        0          0          *000000000 0          0          *001100100 0          1          0101       0101       00000      0          0          *001100100 1          0          *001010000 0          00         00         0          0          *001010000 0          00001      00001      0          000        0          000        000        0          0          00001      00001      0          0          0          0          00001      00001      0          0          0          0          0          1          0          0          0          0          0          00001      0          0          0          0          0          0          0          0          0          0          0          0          0          0          0          0          1          01000011   0          0          0          00001      00001      0          0          0          00000      0          0          0          0          0          00001      00001      0          0          00000      0         
1115000    1          0          0          001010     100        1          10         0          11010010   0          0          1          0          0          0          0          0          00001      0          00001      0          0          0          00000      0          0          00000      0          0          1          0          0          001010     100        1          10         0          11010010   0          0          1          0          0          0          0          0          *000000000 0          0          *001100100 1          0          *001010000 0          00001      00001      0          0          0          1          01000011   0          1          0          0          01000011   001010     100        1          10         0          11010010   *000000000 0          0          000        000        1          0          *000000000 0          0          *001100100 0          1          0101       0101       00000      1          0          *001100100 1          0          *001010000 0          00         00         1          0          *001010000 0          00001      00001      0          000        0          000        000        1          0          00001      00001      0          0          0          0          00001      00001      0          0          1          0          0          1          0          0          1          0          0          00001      0          0          0          1          0          0          0          0          1          0          0          0          0          1          0          0          1          01000011   1          0          0          00001      00001      0          0          0          00000      0          1          0          0          0          00001      00001      0          0          00000      0         
1120000    0          0          0          001010     100        1          10         0          11010010   0          0          1          0          0          0          0          0          00001      0          00001      0          0          0          00000      0          0          00000      0          0          0          0          0          001010     100        1          10         0          11010010   0          0          1          0          0          0          0          0          *000000000 0          0          *001100100 1          0          *001010000 0          00001      00001      0          0          0          1          01000011   0          0          0          0          01000011   001010     100        1          10         0          11010010   *000000000 0          0          000        000        0          0          *000000000 0          0          *001100100 0          1          0101       0101       00000      0          0          *001100100 1          0          *001010000 0          00         00         0          0          *001010000 0          00001      00001      0          000        0          000        000        0          0          00001      00001      0          0          0          0          00001      00001      0          0          0          0          0          1          0          0          0          0          0          00001      0          0          0          0          0          0          0          0          0          0          0          0          0          0          0          0          1          01000011   0          0          0          00001      00001      0          0          0          00000      0          0          0          0          0          00001      00001      0          0          00000      0         
1125000    1          0          0          001010     100        1          10         0          11010010   0          0          1          0          0          0          0          0          00001      0          00001      0          0          0          00000      0          0          00000      0          0          1          0          0          001010     100        1          10         0          11010010   0          0          1          0          0          0          0          0          *000000000 0          0          *001100100 1          0          *001010000 0          00001      00001      0          0          0          1          01000011   0          1          0          0          01000011   001010     100        1          10         0          11010010   *000000000 0          0          000        000        1          0          *000000000 0          0          *001100100 0          1          0101       0101       00000      1          0          *001100100 1          0          *001010000 0          00         00         1          0          *001010000 0          00001      00001      0          000        0          000        000        1          0          00001      00001      0          0          0          0          00001      00001      0          0          1          0          0          1          0          0          1          0          0          00001      0          0          0          1          0          0          0          0          1          0          0          0          0          1          0          0          1          01000011   1          0          0          00001      00001      0          0          0          00000      0          1          0          0          0          00001      00001      0          0          00000      0         
1130000    0          0          0          001010     100        1          10         0          11010010   0          0          1          0          0          0          0          0          00001      0          00001      0          0          0          00000      0          0          00000      0          0          0          0          0          001010     100        1          10         0          11010010   0          0          1          0          0          0          0          0          *000000000 0          0          *001100100 1          0          *001010000 0          00001      00001      0          0          0          1          01000011   0          0          0          0          01000011   001010     100        1          10         0          11010010   *000000000 0          0          000        000        0          0          *000000000 0          0          *001100100 0          1          0101       0101       00000      0          0          *001100100 1          0          *001010000 0          00         00         0          0          *001010000 0          00001      00001      0          000        0          000        000        0          0          00001      00001      0          0          0          0          00001      00001      0          0          0          0          0          1          0          0          0          0          0          00001      0          0          0          0          0          0          0          0          0          0          0          0          0          0          0          0          1          01000011   0          0          0          00001      00001      0          0          0          00000      0          0          0          0          0          00001      00001      0          0          00000      0         
1135000    1          0          0          001010     100        1          10         0          11010010   0          0          1          0          0          0          0          0          00001      0          00001      0          0          0          00000      0          0          00000      0          0          1          0          0          001010     100        1          10         0          11010010   0          0          1          0          0          0          0          0          *000000000 0          0          *001100100 1          0          *001010000 0          00001      00001      0          0          0          1          01000011   0          1          0          0          01000011   001010     100        1          10         0          11010010   *000000000 0          0          000        000        1          0          *000000000 0          0          *001100100 0          1          0101       0101       00000      1          0          *001100100 1          0          *001010000 0          00         00         1          0          *001010000 0          00001      00001      0          000        0          000        000        1          0          00001      00001      0          0          0          0          00001      00001      0          0          1          0          0          1          0          0          1          0          0          00001      0          0          0          1          0          0          0          0          1          0          0          0          0          1          0          0          1          01000011   1          0          0          00001      00001      0          0          0          00000      0          1          0          0          0          00001      00001      0          0          00000      0         
1140000    0          0          0          001010     100        1          10         0          11010010   0          0          1          0          0          0          0          0          00001      0          00001      0          0          0          00000      0          0          00000      0          0          0          0          0          001010     100        1          10         0          11010010   0          0          1          0          0          0          0          0          *000000000 0          0          *001100100 1          0          *001010000 0          00001      00001      0          0          0          1          01000011   0          0          0          0          01000011   001010     100        1          10         0          11010010   *000000000 0          0          000        000        0          0          *000000000 0          0          *001100100 0          1          0101       0101       00000      0          0          *001100100 1          0          *001010000 0          00         00         0          0          *001010000 0          00001      00001      0          000        0          000        000        0          0          00001      00001      0          0          0          0          00001      00001      0          0          0          0          0          1          0          0          0          0          0          00001      0          0          0          0          0          0          0          0          0          0          0          0          0          0          0          0          1          01000011   0          0          0          00001      00001      0          0          0          00000      0          0          0          0          0          00001      00001      0          0          00000      0         
1145000    1          0          0          001010     100        1          10         0          11010010   0          0          1          0          0          0          0          0          00001      0          00001      0          0          0          00000      0          0          00000      0          0          1          0          0          001010     100        1          10         0          11010010   0          0          1          0          0          0          0          0          *000000000 0          0          *001100100 1          0          *001010000 0          00001      00001      0          0          0          1          01000011   0          1          0          0          01000011   001010     100        1          10         0          11010010   *000000000 0          0          000        000        1          0          *000000000 0          0          *001100100 0          1          0101       0101       00000      1          0          *001100100 1          0          *001010000 0          00         00         1          0          *001010000 0          00001      00001      0          000        0          000        000        1          0          00001      00001      0          0          0          0          00001      00001      0          0          1          0          0          1          0          0          1          0          0          00001      0          0          0          1          0          0          0          0          1          0          0          0          0          1          0          0          1          01000011   1          0          0          00001      00001      0          0          0          00000      0          1          0          0          0          00001      00001      0          0          00000      0         
1150000    0          0          0          001010     100        1          10         0          11010010   0          0          1          0          0          0          0          0          00001      0          00001      0          0          0          00000      0          0          00000      0          0          0          0          0          001010     100        1          10         0          11010010   0          0          1          0          0          0          0          0          *000000000 0          0          *001100100 1          0          *001010000 0          00001      00001      0          0          0          1          01000011   0          0          0          0          01000011   001010     100        1          10         0          11010010   *000000000 0          0          000        000        0          0          *000000000 0          0          *001100100 0          1          0101       0101       00000      0          0          *001100100 1          0          *001010000 0          00         00         0          0          *001010000 0          00001      00001      0          000        0          000        000        0          0          00001      00001      0          0          0          0          00001      00001      0          0          0          0          0          1          0          0          0          0          0          00001      0          0          0          0          0          0          0          0          0          0          0          0          0          0          0          0          1          01000011   0          0          0          00001      00001      0          0          0          00000      0          0          0          0          0          00001      00001      0          0          00000      0         
1155000    1          0          0          001010     100        1          10         0          11010010   0          0          1          0          0          0          0          0          00001      0          00001      0          0          0          00000      0          0          00000      0          0          1          0          0          001010     100        1          10         0          11010010   0          0          1          0          0          0          0          0          *000000000 0          0          *001100100 1          0          *001010000 0          00001      00001      0          0          0          1          01000011   0          1          0          0          01000011   001010     100        1          10         0          11010010   *000000000 0          0          000        000        1          0          *000000000 0          0          *001100100 0          1          0101       0101       00000      1          0          *001100100 1          0          *001010000 0          00         00         1          0          *001010000 0          00001      00001      0          000        0          000        000        1          0          00001      00001      0          0          0          0          00001      00001      0          0          1          0          0          1          0          0          1          0          0          00001      0          0          0          1          0          0          0          0          1          0          0          0          0          1          0          0          1          01000011   1          0          0          00001      00001      0          0          0          00000      0          1          0          0          0          00001      00001      0          0          00000      0         
1160000    0          0          0          001010     100        1          10         0          11010010   0          0          1          0          0          0          0          0          00001      0          00001      0          0          0          00000      0          0          00000      0          0          0          0          0          001010     100        1          10         0          11010010   0          0          1          0          0          0          0          0          *000000000 0          0          *001100100 1          0          *001010000 0          00001      00001      0          0          0          1          01000011   0          0          0          0          01000011   001010     100        1          10         0          11010010   *000000000 0          0          000        000        0          0          *000000000 0          0          *001100100 0          1          0101       0101       00000      0          0          *001100100 1          0          *001010000 0          00         00         0          0          *001010000 0          00001      00001      0          000        0          000        000        0          0          00001      00001      0          0          0          0          00001      00001      0          0          0          0          0          1          0          0          0          0          0          00001      0          0          0          0          0          0          0          0          0          0          0          0          0          0          0          0          1          01000011   0          0          0          00001      00001      0          0          0          00000      0          0          0          0          0          00001      00001      0          0          00000      0         
1165000    1          0          0          001010     100        1          10         0          11010010   0          0          1          0          0          0          0          0          00001      0          00001      0          0          0          00000      0          0          00000      0          0          1          0          0          001010     100        1          10         0          11010010   0          0          1          0          0          0          0          0          *000000000 0          0          *001100100 1          0          *001010000 0          00001      00001      0          0          0          1          01000011   0          1          0          0          01000011   001010     100        1          10         0          11010010   *000000000 0          0          000        000        1          0          *000000000 0          0          *001100100 0          1          0101       0101       00000      1          0          *001100100 1          0          *001010000 0          00         00         1          0          *001010000 0          00001      00001      0          000        0          000        000        1          0          00001      00001      0          0          0          0          00001      00001      0          0          1          0          0          1          0          0          1          0          0          00001      0          0          0          1          0          0          0          0          1          0          0          0          0          1          0          0          1          01000011   1          0          0          00001      00001      0          0          0          00000      0          1          0          0          0          00001      00001      0          0          00000      0         
1170000    0          0          0          001010     100        1          10         0          11010010   0          0          1          0          0          0          0          0          00001      0          00001      0          0          0          00000      0          0          00000      0          0          0          0          0          001010     100        1          10         0          11010010   0          0          1          0          0          0          0          0          *000000000 0          0          *001100100 1          0          *001010000 0          00001      00001      0          0          0          1          01000011   0          0          0          0          01000011   001010     100        1          10         0          11010010   *000000000 0          0          000        000        0          0          *000000000 0          0          *001100100 0          1          0101       0101       00000      0          0          *001100100 1          0          *001010000 0          00         00         0          0          *001010000 0          00001      00001      0          000        0          000        000        0          0          00001      00001      0          0          0          0          00001      00001      0          0          0          0          0          1          0          0          0          0          0          00001      0          0          0          0          0          0          0          0          0          0          0          0          0          0          0          0          1          01000011   0          0          0          00001      00001      0          0          0          00000      0          0          0          0          0          00001      00001      0          0          00000      0         
1175000    1          0          0          001010     100        1          10         0          11010010   0          0          1          0          0          0          0          0          00001      0          00001      0          0          0          00000      0          0          00000      0          0          1          0          0          001010     100        1          10         0          11010010   0          0          1          0          0          0          0          0          *000000000 0          0          *001100100 1          0          *001010000 0          00001      00001      0          0          0          1          01000011   0          1          0          0          01000011   001010     100        1          10         0          11010010   *000000000 0          0          000        000        1          0          *000000000 0          0          *001100100 0          1          0101       0101       00000      1          0          *001100100 1          0          *001010000 0          00         00         1          0          *001010000 0          00001      00001      0          000        0          000        000        1          0          00001      00001      0          0          0          0          00001      00001      0          0          1          0          0          1          0          0          1          0          0          00001      0          0          0          1          0          0          0          0          1          0          0          0          0          1          0          0          1          01000011   1          0          0          00001      00001      0          0          0          00000      0          1          0          0          0          00001      00001      0          0          00000      0         
1180000    0          0          0          001010     100        1          10         0          11010010   0          0          1          0          0          0          0          0          00001      0          00001      0          0          0          00000      0          0          00000      0          0          0          0          0          001010     100        1          10         0          11010010   0          0          1          0          0          0          0          0          *000000000 0          0          *001100100 1          0          *001010000 0          00001      00001      0          0          0          1          01000011   0          0          0          0          01000011   001010     100        1          10         0          11010010   *000000000 0          0          000        000        0          0          *000000000 0          0          *001100100 0          1          0101       0101       00000      0          0          *001100100 1          0          *001010000 0          00         00         0          0          *001010000 0          00001      00001      0          000        0          000        000        0          0          00001      00001      0          0          0          0          00001      00001      0          0          0          0          0          1          0          0          0          0          0          00001      0          0          0          0          0          0          0          0          0          0          0          0          0          0          0          0          1          01000011   0          0          0          00001      00001      0          0          0          00000      0          0          0          0          0          00001      00001      0          0          00000      0         
1185000    1          0          0          001010     100        1          10         0          11010010   0          0          1          0          0          0          0          0          00001      0          00001      0          0          0          00000      0          0          00000      0          0          1          0          0          001010     100        1          10         0          11010010   0          0          1          0          0          0          0          0          *000000000 0          0          *001100100 1          0          *001010000 0          00001      00001      0          0          0          1          01000011   0          1          0          0          01000011   001010     100        1          10         0          11010010   *000000000 0          0          000        000        1          0          *000000000 0          0          *001100100 0          1          0101       0101       00000      1          0          *001100100 1          0          *001010000 0          00         00         1          0          *001010000 0          00001      00001      0          000        0          000        000        1          0          00001      00001      0          0          0          0          00001      00001      0          0          1          0          0          1          0          0          1          0          0          00001      0          0          0          1          0          0          0          0          1          0          0          0          0          1          0          0          1          01000011   1          0          0          00001      00001      0          0          0          00000      0          1          0          0          0          00001      00001      0          0          00000      0         
1190000    1          0          0          001010     100        1          10         0          11010010   0          0          1          0          0          0          0          0          00001      0          00001      0          0          0          00000      0          0          00000      0          0          1          0          0          001010     100        1          10         0          11010010   0          0          1          0          0          0          0          0          *000000000 0          0          *001100100 1          0          *001010000 0          00001      00001      0          0          0          1          01000011   0          1          0          0          01000011   001010     100        1          10         0          11010010   *000000000 0          0          000        000        1          0          *000000000 0          0          *001100100 0          1          0101       0101       00000      1          0          *001100100 1          0          *001010000 0          00         00         1          0          *001010000 0          00001      00001      0          000        0          000        000        1          0          00001      00001      0          0          0          0          00001      00001      0          0          1          0          0          1          0          0          1          0          0          00001      0          0          0          1          0          0          0          0          1          0          0          0          0          1          0          0          1          01000011   1          0          0          00001      00001      0          0          0          00000      0          1          0          0          0          00001      00001      0          0          00000      0         
